dataset,model,eval_metrics/MSE[mean],eval_metrics/MSE[0.5],eval_metrics/MAE[0.5],eval_metrics/MASE[0.5],eval_metrics/MAPE[0.5],eval_metrics/sMAPE[0.5],eval_metrics/MSIS,eval_metrics/RMSE[mean],eval_metrics/NRMSE[mean],eval_metrics/ND[0.5],eval_metrics/mean_weighted_sum_quantile_loss,domain,num_variates
loop_seattle/5T/short,TinyCast,44.97188357893528,44.97188357893528,3.810421656873327,0.6049023253530281,0.10299888100048336,0.08028471364079368,4.950046833092336,6.706107930755013,0.11499494504270823,0.0653403186387966,0.05229804010222002,Transport,1
loop_seattle/5T/medium,TinyCast,92.32335019390158,92.32335019390158,5.859197875850587,0.930789752492564,0.19545112432710157,0.1312805651338969,8.71202429507708,9.608504055986112,0.17095503120135294,0.10424716999072325,0.08540297939382484,Transport,1
loop_seattle/5T/long,TinyCast,106.4388234039961,106.4388234039961,6.247876598601795,0.9902932559636161,0.2069893143825227,0.13826893214525507,11.079635839209889,10.316919278738014,0.1824052541003009,0.11046374288339762,0.09242302426369364,Transport,1
loop_seattle/D/short,TinyCast,18.368514854029605,18.368514854029605,2.9368720181586205,0.8849692906829162,0.05423961738806883,0.054221122528131285,7.882845790151371,4.285850540327976,0.07659387348245904,0.05248582554999723,0.042766989934404726,Transport,1
loop_seattle/H/short,TinyCast,66.89450589907719,66.89450589907719,4.5017663214856904,0.9140165239915516,0.1256533356183227,0.10341561633781311,7.128932262734124,8.178906155414499,0.14477495605445792,0.07968584172213185,0.06363251391247556,Transport,1
loop_seattle/H/medium,TinyCast,72.17629958901735,72.17629958901735,4.8503884708180145,1.0022553887234924,0.12518291933494702,0.10979851131222688,8.939231909337613,8.495663575555316,0.15015990394399328,0.0857300739832413,0.07030872714150671,Transport,1
loop_seattle/H/long,TinyCast,64.45034639918192,64.45034639918192,4.581956638878139,0.9627892338459968,0.14456064974191388,0.10491289533123677,10.445990331386602,8.02809730877634,0.1434728242621964,0.08188568652601043,0.06782116704031803,Transport,1
m_dense/D/short,TinyCast,11148.167037037038,11148.167037037038,57.69344039351852,0.8147516708755659,0.14273272628162065,0.11836470427336516,7.659482205555726,105.58488072180144,0.18278303925453174,0.09987587529660433,0.08117937868631928,Transport,1
m_dense/H/short,TinyCast,51536.690833333334,51536.690833333334,102.32325900607638,0.8993399308344289,0.3189987226241088,0.24622027397155763,8.55772891443901,227.01693952948386,0.40267152047973226,0.1814959816206448,0.14890896017908953,Transport,1
m_dense/H/medium,TinyCast,44632.82666666667,44632.82666666667,102.32594184027778,0.871709560874816,0.29369016504729634,0.2447178226047092,9.085675204446204,211.2648259097256,0.3675741177111017,0.1780342166706423,0.1457772371495574,Transport,1
m_dense/H/long,TinyCast,51839.73728395062,51839.73728395062,111.61363425925926,0.9445083825802205,0.32294490118211866,0.2618356586974344,11.527422383929528,227.68341460007713,0.39415366946148206,0.19321971072197686,0.16216719637870536,Transport,1
sz_taxi/15T/short,TinyCast,17.315724266899956,17.315724266899956,2.8121307941292377,0.5619837951020181,1247343114009.5186,0.410401656223013,4.133163103599672,4.161216681080181,0.38909157443005626,0.2629462683752772,0.20765635023070148,Transport,1
sz_taxi/15T/medium,TinyCast,17.35765140892094,17.35765140892094,2.897821462256277,0.567487498111462,10208781356181.445,0.4273458497137086,6.600462096049195,4.1662514817184215,0.3877392112555944,0.269690635110519,0.22660789232855003,Transport,1
sz_taxi/15T/long,TinyCast,16.970252960292022,16.970252960292022,2.887655457064637,0.5475679708846877,7378036036473.583,0.42321723438056447,8.123241848547288,4.1194966877389305,0.38129323601083487,0.26727621774417587,0.23196237513028692,Transport,1
sz_taxi/H/short,TinyCast,7.582894349709536,7.582894349709536,1.9100086179553952,0.582743899864359,1.1279962164723976,0.30623983725523335,4.204610546850984,2.753705566996867,0.25652466637379945,0.177929089211391,0.1399211646013724,Transport,1
bitbrains_fast_storage/5T/short,TinyCast,2142187.3946952466,2142187.3946952466,192.32750634060864,0.9370348800235516,3.022110230055744,0.6301682346086837,16.85530929997769,1463.621328997103,4.595408989058202,0.6038608033174752,0.4606256230113666,Web/CloudOps,2
bitbrains_fast_storage/5T/medium,TinyCast,3837591.4823938836,3837591.4823938836,312.5251414490315,1.1734843769571548,5.707323322389795,0.7225465755407218,28.07527781919593,1958.9771520857214,5.951913531223479,0.9495376790165986,0.7564213129683555,Web/CloudOps,2
bitbrains_fast_storage/5T/long,TinyCast,5735898.493681859,5735898.493681859,432.827433904106,1.0374043810093088,5.678944977827536,0.7513784093580098,24.899963085468716,2394.9735893495485,6.329200125098885,1.1438336777467786,0.9632340824961384,Web/CloudOps,2
bitbrains_fast_storage/H/short,TinyCast,3246050.597781662,3246050.597781662,347.4306405247239,1.0281285511009834,4.225226730268458,0.5641315374262384,18.851433146459005,1801.6799376641961,5.1353730117396985,0.9902901716912202,0.741504026157871,Web/CloudOps,2
bitbrains_rnd/5T/short,TinyCast,1696358.8301017059,1696358.8301017059,131.3611297751084,1.779870899346763,1.6542683610079947,0.6179721404781577,55.639125989159034,1302.4434076387756,5.329222442607238,0.537491822506813,0.44335392128183976,Web/CloudOps,2
bitbrains_rnd/5T/medium,TinyCast,2189784.858001313,2189784.858001313,154.50457499904775,4.547147612886607,0.7241916678803059,0.7281793426205502,165.7785028204549,1479.792167164468,6.226239975790641,0.650079506195073,0.5997979882783021,Web/CloudOps,2
bitbrains_rnd/5T/long,TinyCast,3087010.421004921,3087010.421004921,223.6825906987145,3.506017700013196,3.6281270720357153,0.7094595527762035,124.04505532511988,1756.9890213102988,6.730629117405615,0.8568776126391073,0.7783622977723064,Web/CloudOps,2
bitbrains_rnd/H/short,TinyCast,1838133.3798487738,1838133.3798487738,178.8248024759154,5.881538694437031,2.4448230915992597,0.5709880543667931,196.15289490480356,1355.7777767203495,5.933547010727004,0.7826248448632569,0.6718111743855804,Web/CloudOps,2
bizitobs_application/10S/short,TinyCast,2260178.9155555554,2260178.9155555554,629.8463888888889,1.862175185999277,0.027046970791286894,0.027341416676839193,14.543152062084465,1503.3891430882277,0.05797971003076902,0.024290657651477834,0.018903639099711725,Web/CloudOps,2
bizitobs_application/10S/medium,TinyCast,4765989.546666667,4765989.546666667,1193.2047916666668,2.873948985960727,0.0414029343922933,0.0419601313273112,32.4708986267935,2183.1146435005803,0.08572448675995657,0.04685364035721503,0.04039588641409965,Web/CloudOps,2
bizitobs_application/10S/long,TinyCast,7372374.471111111,7372374.471111111,1581.982638888889,3.862973264298776,0.05431803385416667,0.055402891370985245,73.77264783560753,2715.2116807186712,0.10471486151406031,0.06101074701661972,0.05640966235175974,Web/CloudOps,2
bizitobs_l2c/5T/short,TinyCast,22.315812174479166,22.315812174479166,2.8693402789887927,0.2970800953566228,0.15779482252049543,0.2162279622895377,3.4855899795085743,4.723961491638048,0.16223995229810098,0.09854475545877926,0.08236685596184387,Web/CloudOps,7
bizitobs_l2c/5T/medium,TinyCast,58.63674076806108,58.63674076806108,4.963058099801775,0.49791255607632884,0.37442074797534347,0.6400521914073841,3.332769830716964,7.657463076506545,0.40289516569548917,0.2611298409796866,0.20385396450181695,Web/CloudOps,7
bizitobs_l2c/5T/long,TinyCast,51.164512211696795,51.164512211696795,4.5874622115887265,0.4700761925667812,0.3870667260591363,0.7264647628121211,3.318507882831454,7.152937313558452,0.40162673649581354,0.2575791449123807,0.20164611513891315,Web/CloudOps,7
bizitobs_l2c/H/short,TinyCast,82.84864831349206,82.84864831349206,5.668340773809524,0.5766333420668701,0.5032735408353005,0.6998379419720362,3.6789433114521732,9.102123285997179,0.49062775605586023,0.30553808457994636,0.23951850613466505,Web/CloudOps,7
bizitobs_l2c/H/medium,TinyCast,102.15098586309524,102.15098586309524,6.130425734747024,0.6464134281363968,0.6796466644008244,0.8758028302873884,5.133623030784266,10.106977088283877,0.6119928143122134,0.3712065898209022,0.3012364196144882,Web/CloudOps,7
bizitobs_l2c/H/long,TinyCast,83.71357886904762,83.71357886904762,5.4902847532242065,0.5913863789035299,0.6519091085909061,0.7953029572017609,6.9424152986593315,9.149512493518309,0.5588786302233345,0.33536243866454285,0.27968230171989594,Web/CloudOps,7
bizitobs_service/10S/short,TinyCast,7133.580883349868,7133.580883349868,27.887736829323742,1.1848278630378928,0.07456889783263837,0.061020256325050634,9.0994824456448,84.46052855239462,0.06257106146882932,0.02066012758008816,0.016367275612115942,Web/CloudOps,2
bizitobs_service/10S/medium,TinyCast,143558.85047619048,143558.85047619048,67.99964285714286,1.7292148688095945,0.13002904740590898,0.09874277024042039,18.041990009335198,378.89160781969093,0.28516274415074006,0.05117813210484464,0.04442185916226666,Web/CloudOps,2
bizitobs_service/10S/long,TinyCast,139296.03386243386,139296.03386243386,86.88559523809523,1.9019708319955395,0.12744809751157407,0.11176530464616402,27.33268168482679,373.2238388185217,0.2764961514629809,0.0643676266150431,0.05940507564880556,Web/CloudOps,2
car_parts/M/short,TinyCast,1.3727847157966508,1.3727847157966508,0.6280504245436237,1.1490580549397367,0.5882015530662982,1.7595459106547122,16.117955177830193,1.1716589588257544,2.8095179939730657,1.5060004923669499,1.2499870422332853,Sales,1
covid_deaths/D/short,TinyCast,389280.5342105263,389280.5342105263,109.28886963502507,36.715749934450294,0.0969501827145902,0.13874555065094826,760.8955720933702,623.9235002871156,0.23475424227536218,0.041120467122162926,0.03963609281271289,Healthcare,1
electricity/15T/short,TinyCast,173636.7590879478,173636.7590879478,63.37071618294931,1.1745614331312149,0.18221752401824662,0.18516568980350512,11.669718074670383,416.69744310224394,0.8213928090582868,0.12491617464707179,0.10324907945009228,Energy,1
electricity/15T/medium,TinyCast,323418.83431308944,323418.83431308944,64.06429499225789,0.9850827514877145,0.16415804780411958,0.15133725763192943,8.931879486615317,568.6992476811355,0.979926064390452,0.11038923071498667,0.09029200838652356,Energy,1
electricity/15T/long,TinyCast,384755.065385663,384755.065385663,70.35680599104964,1.059295936375947,0.17481275076767103,0.1574425578236816,10.308504479215273,620.2862769606168,0.9785776718776554,0.11099648978989203,0.09121739344486807,Energy,1
electricity/D/short,TinyCast,1833908805.9871712,1833908805.9871712,4804.756689189189,1.515702218163241,0.45958952996270264,0.1013019734975454,12.764034884652213,42824.161474419685,0.7037431970529894,0.07895810955998543,0.06252743045885086,Energy,1
electricity/H/short,TinyCast,1882220.0087558066,1882220.0087558066,192.8474797869158,1.0380518438903215,0.20332691817793158,0.13245077981750708,11.181267492147443,1371.9402351253523,0.6476537651543964,0.09103778224939996,0.07534291310523096,Energy,1
electricity/H/medium,TinyCast,8829606.344943693,8829606.344943693,296.82460840723536,1.237194005733261,0.22332500609608497,0.1423547198563518,15.445913658039949,2971.4653531454296,1.1598608243236386,0.11586042375433603,0.09865497283262122,Energy,1
electricity/H/long,TinyCast,9929923.175915916,9929923.175915916,317.2116303490991,1.3466186734487373,0.310700053275582,0.15469850139853394,20.907712042859416,3151.178061601076,1.242823699139751,0.12510817355726034,0.10894891007638988,Energy,1
electricity/W/short,TinyCast,170977579371.24326,170977579371.24326,42578.17808277027,1.6807339133932555,0.25608039850783393,0.10662003379684311,13.6982363158515,413494.35228457866,0.9434576578453095,0.09714935149016087,0.07403752033019691,Energy,1
ett1/15T/short,TinyCast,6.200065576462519,6.200065576462519,1.2705040159679595,0.7997717627142975,0.5306027022197602,0.27340261538823446,5.290581878249405,2.4899930876334815,0.4707123399151131,0.2401781439466615,0.18744814413581853,Energy,7
ett1/15T/medium,TinyCast,10.605788225446428,10.605788225446428,1.7521425083705358,1.1198807203143135,0.7807319359138601,0.4333380562918527,9.438285063020922,3.256652917559135,0.6207212293998667,0.3339600747796841,0.27077020755479814,Energy,7
ett1/15T/long,TinyCast,11.150664992559523,11.150664992559523,1.872285388764881,1.2052014082323534,0.8721791125592395,0.4569960421607608,12.237090568372857,3.3392611447084404,0.6364664758512723,0.35685944630696403,0.2945965670273762,Energy,7
ett1/D/short,TinyCast,48625.84761904762,48625.84761904762,141.78103918650794,1.69445585189018,1.673342556423611,0.4696292937748016,11.52935444375516,220.51269264839976,0.5791839017217654,0.37239260234848026,0.28812009416817513,Energy,7
ett1/H/short,TinyCast,108.02645147414435,108.02645147414435,5.1608937581380205,0.8611987180404691,0.5394438141868227,0.27180415562220983,6.611988576956231,10.393577414641426,0.48511078640849686,0.24088002905084552,0.19037410549819406,Energy,7
ett1/H/medium,TinyCast,149.5231491815476,149.5231491815476,7.300664411272321,1.3519070739338461,3074759704682.065,0.45422937302362354,11.559085249475054,12.227965864425187,0.5856905786151233,0.3496845191359984,0.28088536752449467,Energy,7
ett1/H/long,TinyCast,171.03184523809523,171.03184523809523,7.56912254050926,1.411803933789752,5040684295168.609,0.4732164816881614,19.233612557129913,13.077914407048825,0.6262729961574629,0.36246888488371976,0.3050549047573902,Energy,7
ett1/W/short,TinyCast,1192743.5714285714,1192743.5714285714,838.0803571428571,1.4816970918565562,0.7646784782409668,0.4881707600184849,10.378345139160766,1092.128001393871,0.4345837983915653,0.3334921771986959,0.2733115736461413,Energy,7
ett2/15T/short,TinyCast,8.826148187546503,8.826148187546503,1.890277826218378,0.8205975703315186,0.11909015388626816,0.14069964431581042,5.724609525725326,2.970883401876705,0.14103840776579615,0.08973821546696117,0.0705017489180158,Energy,7
ett2/15T/medium,TinyCast,14.09001922123016,14.09001922123016,2.3753456721230157,0.9742473746402045,0.14707986970087064,0.17551236591641864,9.457463365785834,3.753667436152297,0.20003973230336947,0.12658647055492014,0.1050502119753109,Energy,7
ett2/15T/long,TinyCast,15.031620473710317,15.031620473710317,2.423063499813988,1.0128337623816868,0.15121023222344893,0.17923299759153336,13.27671118859907,3.877063382730584,0.20661571883217736,0.1291294357012755,0.1112861171145472,Energy,7
ett2/D/short,TinyCast,119107.9619047619,119107.9619047619,212.46021825396826,1.4045573547412495,0.48927084302145335,0.14253680516803074,16.855343968504876,345.1202137006204,0.19752140399056012,0.12159658848052342,0.10028376227911309,Energy,7
ett2/H/short,TinyCast,104.53519112723214,104.53519112723214,6.489764912923177,0.7588020120122185,0.12571611175559852,0.11428923947470529,5.113846953041313,10.224245259540293,0.12967187212929315,0.0823082725986549,0.06563681412130103,Energy,7
ett2/H/medium,TinyCast,300.45604538690475,300.45604538690475,10.684602864583333,1.1498289053098334,0.1860333957527417,0.18327645801362538,11.0435999701132,17.33366797267401,0.23358232279653554,0.14398189461124675,0.11958611850509134,Energy,7
ett2/H/long,TinyCast,337.6275793650794,337.6275793650794,11.221986607142858,1.2085464794027383,0.19867195853939718,0.19734765108300265,18.57969596034029,18.37464501330786,0.2516266212860054,0.15367646950605332,0.13499367242054933,Energy,7
ett2/W/short,TinyCast,5395768.571428572,5395768.571428572,1585.4715401785713,1.0852963373203852,0.16761749131338938,0.18665078708103724,13.531176316967471,2322.879370830214,0.19485396730144441,0.13299675546083578,0.11229843953499513,Energy,7
hierarchical_sales/D/short,TinyCast,28.82071677023047,28.82071677023047,2.362184040247778,0.770698219383782,0.6644292847482318,1.0120128339851824,6.918206394484576,5.368492970120243,1.646994190759663,0.7246919039378273,0.5922008356440757,Sales,1
hierarchical_sales/W/short,TinyCast,484.3073533914857,484.3073533914857,9.2237292790817,0.7390477856455403,0.5450063938351472,0.4699560868538032,6.734379077667363,22.006984195738536,1.0103514088429817,0.4234659228642078,0.36111070839176496,Sales,1
hospital/M/short,TinyCast,2922.822101803564,2922.822101803564,18.953618268042426,0.7837875758171158,0.19757779522182525,0.1767782230368908,5.639608713809202,54.06313070664299,0.19626171869011175,0.06880603561171918,0.054697598736956975,Healthcare,1
jena_weather/10T/short,TinyCast,759.9260322691903,759.9260322691903,5.60038810608879,0.2927036489393874,0.38947664783543323,0.560926177766588,3.190613966645156,27.56675592573762,0.17122410420069076,0.03478542920409296,0.030270725277254076,Nature,21
jena_weather/10T/medium,TinyCast,1490.9053289592352,1490.9053289592352,10.10608019367785,0.6417453527260965,0.7914884269832232,0.6720513149773404,10.412580427517721,38.612243252098615,0.23696268002803733,0.062020842240032556,0.05310450470446709,Nature,21
jena_weather/10T/long,TinyCast,1381.3336102843916,1381.3336102843916,9.913101826016865,0.6937596523731806,0.813024838956801,0.6781962399760252,13.36321983829297,37.166296698546546,0.2274269453341331,0.060659970654687236,0.05257771373684466,Nature,21
jena_weather/D/short,TinyCast,534.313244047619,534.313244047619,11.900095331101191,1.4425014924715065,0.8865993648212775,0.5268639942956349,9.137368124641092,23.11521672075819,0.1391913847288947,0.07165802369719243,0.05804332526621129,Nature,21
jena_weather/H/short,TinyCast,1143.0865831367155,1143.0865831367155,8.626574956882767,0.5793917420749412,1.234057634917305,0.6193742614640927,5.150669565270793,33.809563486337936,0.20725047301306912,0.05288035561355604,0.04437671599442118,Nature,21
jena_weather/H/medium,TinyCast,1700.3156746031746,1700.3156746031746,12.08782242063492,0.9748255173326811,2.6733912278119907,0.7347275991288442,10.729072845166558,41.234884195340896,0.2523235695256082,0.07396752920457828,0.06417063044005064,Nature,21
jena_weather/H/long,TinyCast,1458.804365079365,1458.804365079365,12.825579737103174,1.3148460307203569,2.4893051848307817,0.7039957036416997,25.303244742811753,38.194297546615054,0.22997198767338223,0.07722419980640466,0.06701985389391725,Nature,21
kdd_cup_2018/D/short,TinyCast,3049.3424050593458,3049.3424050593458,21.85445614838919,1.221023114410644,0.5186670408484165,0.4822860505718985,9.289852658817948,55.2208511801416,1.237005721184808,0.489563031195395,0.38420427738856094,Nature,1
kdd_cup_2018/H/short,TinyCast,4565.242628050773,4565.242628050773,24.42671723184647,1.0146077425333546,0.9859019806393442,0.526172919472424,7.886175051932781,67.56657922413102,1.4142908686385327,0.5112954293160054,0.40626980076257424,Nature,1
kdd_cup_2018/H/medium,TinyCast,5239.288898737565,5239.288898737565,26.678968035437684,1.1070359933327185,1.051721217710697,0.583537563578357,11.149998044257782,72.38293237177923,1.5151058704878064,0.5584391204466835,0.462802652217509,Nature,1
kdd_cup_2018/H/long,TinyCast,4300.485611315847,4300.485611315847,24.863227490171724,1.0521170069041994,0.927139384074028,0.6336971527041857,14.578175739817674,65.57808789005553,1.53872694924893,0.5833917916084221,0.5039911469833337,Nature,1
m4_daily/D/short,TinyCast,368028.76497178007,368028.76497178007,182.30282394851127,3.4312785054681054,0.03805495135390693,0.03169833486531158,39.6440709347611,606.6537438867249,0.09371123738898982,0.028160748011326984,0.02423259593482055,Econ/Fin,1
m4_hourly/H/short,TinyCast,1847323.2154268397,1847323.2154268397,274.04942437876826,1.0965491798991054,0.11020670497667003,0.10080439265031553,10.878022836473855,1359.1626890945909,0.1855557321192422,0.03741380041217438,0.029387772990837644,Econ/Fin,1
m4_monthly/M/short,TinyCast,2057796.0393425927,2057796.0393425927,618.3789596263745,1.0461784577477227,0.1829239251503238,0.14667413176209837,11.93243342446279,1434.5020178942214,0.29813876452874083,0.1285203762238068,0.10885351606885843,Econ/Fin,1
m4_quarterly/Q/short,TinyCast,1842112.2298072916,1842112.2298072916,593.4711898803711,1.2760142271630641,0.12134692109624545,0.10848611272871495,16.82947492225945,1357.2443515473888,0.22717880392983036,0.09933662640048828,0.0865917666392973,Econ/Fin,1
m4_weekly/W/short,TinyCast,347125.9250053568,347125.9250053568,294.22835534069,2.299785329081903,0.07165038470719237,0.07374959209630953,35.46258699322525,589.1739344245948,0.10733835131986318,0.05360384213987411,0.04763599444271689,Econ/Fin,1
m4_yearly/A/short,TinyCast,3585563.0443399786,3585563.0443399786,905.5487993900714,3.412355030479732,0.16832164112847228,0.1513494407199069,33.21779711935915,1893.558302334517,0.30364084948345654,0.1452089467520132,0.11995295842301539,Econ/Fin,1
restaurant/D/short,TinyCast,145.80740111609228,145.80740111609228,7.369928113617259,0.7043365332839414,0.7151798053405483,0.4032348307884518,4.877455372562074,12.075073544955835,0.5557228622031658,0.3391811677405351,0.2662773171929132,Sales,1
saugeen/D/short,TinyCast,918.0455208333333,918.0455208333333,12.249508463541666,2.720615915042442,0.3237628173828125,0.33745513916015624,26.5486382927525,30.29926601146195,0.9814004453785456,0.39676449776837375,0.3309000880120538,Nature,1
saugeen/M/short,TinyCast,395.2202845982143,395.2202845982143,12.911841982886905,0.756532921014829,0.4014440264020647,0.3796797479901995,4.955047776596884,19.880148002422274,0.5968616829181375,0.3876522314894205,0.29803321430673113,Nature,1
saugeen/W/short,TinyCast,1093.733984375,1093.733984375,16.662428283691405,1.3518910329419942,0.46820755004882814,0.43900585174560547,10.209851055878849,33.071649253930474,0.9982952326438782,0.5029692529743657,0.4144965343689048,Nature,1
solar/10T/short,TinyCast,37.39569846197347,37.39569846197347,2.802603609776555,1.2303282923894239,5.877340924764801,1.577833981865263,9.549294708966181,6.11520224211542,1.778911633493,0.8152770698514683,0.663603456113746,Energy,1
solar/10T/medium,TinyCast,22.224308738041916,22.224308738041916,1.9904489876237281,0.8720317687515555,3.5412514433104887,1.4729019377669832,10.618653250999442,4.7142665111384945,1.0461144557488182,0.4416885329804832,0.3725520109751941,Energy,1
solar/10T/long,TinyCast,20.732416449652778,20.732416449652778,1.9778611330897076,0.8658005469879436,3.0780817635448385,1.480978235150389,9.737045969336753,4.5532863351268364,0.9841200125460221,0.4274830484730129,0.3572771344078862,Energy,1
solar/D/short,TinyCast,142051.05693430657,142051.05693430657,249.7242491636253,0.9752586733924259,1.1506221576328695,0.4179424982001312,5.600377354220884,376.89661305762166,0.544487263136874,0.36076650268339017,0.28960418119646253,Energy,1
solar/H/short,TinyCast,732.3752401075682,732.3752401075682,11.34860625372667,0.8778177535342229,3.509066358979818,1.4263774878176674,6.297480163788921,27.062432265182082,0.99753026428292,0.41831340526208227,0.34108240362415776,Energy,1
solar/H/medium,TinyCast,737.8018438260341,737.8018438260341,11.68778310808242,0.893907722427609,4.258756160932983,1.4313436986176058,11.32777429065578,27.16250805478084,0.9784569293625222,0.42102122336882825,0.355415810998535,Energy,1
solar/H/long,TinyCast,754.3172749391728,754.3172749391728,12.717964314679643,0.9693829524916803,3.9843161270737157,1.4433021910482562,11.485505799045756,27.464837063765238,0.9522560902226057,0.44095506358802905,0.3677820366296717,Energy,1
solar/W/short,TinyCast,1845889.8467153285,1845889.8467153285,1112.358562385949,1.22338039605798,0.2545156409270572,0.21768532356206519,5.731236164332004,1358.6352883372817,0.2773314299082351,0.22706019291954438,0.17529709123423873,Energy,1
temperature_rain/D/short,TinyCast,181.6937163009982,181.6937163009982,6.18895947778628,1.45340763172737,64.03527801368669,1.4673890238586502,18.770090469208213,13.479381154229529,1.5868795452420157,0.7286041613675346,0.5856190596940284,Nature,1
us_births/D/short,TinyCast,211876.61333333334,211876.61333333334,303.38916666666665,0.44657208272695553,0.029188976287841797,0.028833236694335938,4.413446256047005,460.3005684694875,0.043149443170340016,0.028440272513910514,0.023165882813959565,Healthcare,1
us_births/M/short,TinyCast,75423701.33333333,75423701.33333333,7372.233072916667,0.834821369236976,0.022581373651822407,0.022901261846224468,8.674877811825018,8684.681993794207,0.02697456306131101,0.022898105661229066,0.01979957719811605,Healthcare,1
us_births/W/short,TinyCast,3472720.285714286,3472720.285714286,1478.400111607143,1.3440518932533159,0.019872954913548062,0.020065586481775557,9.515612551941308,1863.5236209166455,0.02529715042720511,0.020069136551393123,0.015668398674501056,Healthcare,1
