model_name,model_class,dataset_path,dataset_config,horizon,num_windows,initial_cutoff,window_step_size,min_context_length,max_context_length,seasonality,eval_metric,extra_metrics,quantile_levels,id_column,timestamp_column,target,generate_univariate_targets_from,known_dynamic_columns,past_dynamic_columns,static_columns,task_name,test_error,training_time_s,inference_time_s,num_forecasts,dataset_fingerprint,trained_on_this_dataset,fev_version,SQL,MASE,WAPE,WQL,framework_version,model_kwargs,fev_commit
AutoARIMA,statsforecast,autogluon/fev_datasets,ETT_1D,28,20,-560,28,1,,7,SQL,"['MASE', {'name': 'WAPE', 'epsilon': 1.0}, {'name': 'WQL', 'epsilon': 1.0}]","[0.1, 0.2, 0.3, 0.4, 0.5, 0.6, 0.7, 0.8, 0.9]",id,timestamp,"['HUFL', 'HULL', 'LUFL', 'LULL', 'MUFL', 'MULL', 'OT']",,[],[],[],ETT_1D,1.25875938,0.0,90.341536805,280,936cfaf2a3a6ab34,False,0.8.0,1.25875938,1.4311893597,0.3554786791,0.3320927514,,"{""model"": ""auto_arima"", ""max_season_length"": 100}",f323f6c
AutoARIMA,statsforecast,autogluon/fev_datasets,ETT_1H,168,20,-3360,168,1,,24,SQL,"['MASE', {'name': 'WAPE', 'epsilon': 1.0}, {'name': 'WQL', 'epsilon': 1.0}]","[0.1, 0.2, 0.3, 0.4, 0.5, 0.6, 0.7, 0.8, 0.9]",id,timestamp,"['HUFL', 'HULL', 'LUFL', 'LULL', 'MUFL', 'MULL', 'OT']",,[],[],[],ETT_1H,1.0524049139,0.0,4304.653345354,280,abd94afdf0b158e2,False,0.8.0,1.0524049139,1.2616150048,0.2729976741,0.2275419988,,"{""model"": ""auto_arima"", ""max_season_length"": 100}",f323f6c
AutoARIMA,statsforecast,autogluon/fev_datasets,ETT_1W,13,5,-65,13,1,,1,SQL,"['MASE', {'name': 'WAPE', 'epsilon': 1.0}, {'name': 'WQL', 'epsilon': 1.0}]","[0.1, 0.2, 0.3, 0.4, 0.5, 0.6, 0.7, 0.8, 0.9]",id,timestamp,"['HUFL', 'HULL', 'LUFL', 'LULL', 'MUFL', 'MULL', 'OT']",,[],[],[],ETT_1W,2.4423112812,0.0,3.272030586,70,2e18066fd2e18f63,False,0.8.0,2.4423112812,2.7471494,0.5033163587,0.4761461152,,"{""model"": ""auto_arima"", ""max_season_length"": 100}",f323f6c
AutoARIMA,statsforecast,autogluon/fev_datasets,LOOP_SEATTLE_1D,28,10,-280,28,1,,7,SQL,"['MASE', {'name': 'WAPE', 'epsilon': 1.0}, {'name': 'WQL', 'epsilon': 1.0}]","[0.1, 0.2, 0.3, 0.4, 0.5, 0.6, 0.7, 0.8, 0.9]",id,timestamp,target,,[],[],[],LOOP_SEATTLE_1D,0.8099517847000001,0.0,684.539872182,3230,678fdb11fbd87309,False,0.8.0,0.8099517847000001,0.9888675351,0.0375884529,0.0306907047,,"{""model"": ""auto_arima"", ""max_season_length"": 100}",f323f6c
AutoARIMA,statsforecast,autogluon/fev_datasets,LOOP_SEATTLE_1H,168,10,-1680,168,1,,24,SQL,"['MASE', {'name': 'WAPE', 'epsilon': 1.0}, {'name': 'WQL', 'epsilon': 1.0}]","[0.1, 0.2, 0.3, 0.4, 0.5, 0.6, 0.7, 0.8, 0.9]",id,timestamp,target,,[],[],[],LOOP_SEATTLE_1H,1.1547447744,0.0,26512.798459658,3230,85c8da08d0377714,False,0.8.0,1.1547447744,1.2962678389,0.1129810625,0.1009451454,,"{""model"": ""auto_arima"", ""max_season_length"": 100}",f323f6c
AutoARIMA,statsforecast,autogluon/fev_datasets,LOOP_SEATTLE_5T,288,10,-2880,288,1,,288,SQL,"['MASE', {'name': 'WAPE', 'epsilon': 1.0}, {'name': 'WQL', 'epsilon': 1.0}]","[0.1, 0.2, 0.3, 0.4, 0.5, 0.6, 0.7, 0.8, 0.9]",id,timestamp,target,,[],[],[],LOOP_SEATTLE_5T,1.0012742799,0.0,202.48795235,3230,ddf124d757f77e1e,False,0.8.0,1.0012742799,0.9670797246,0.1080897003,0.1111745205,,"{""model"": ""auto_arima"", ""max_season_length"": 100}",f323f6c
AutoARIMA,statsforecast,autogluon/fev_datasets,M_DENSE_1D,28,10,-280,28,1,,7,SQL,"['MASE', {'name': 'WAPE', 'epsilon': 1.0}, {'name': 'WQL', 'epsilon': 1.0}]","[0.1, 0.2, 0.3, 0.4, 0.5, 0.6, 0.7, 0.8, 0.9]",id,timestamp,target,,[],[],[],M_DENSE_1D,0.9701754728,0.0,194.838623582,300,1ceaf27cc148581f,False,0.8.0,0.9701754728,1.1689597475,0.1260855301,0.1051447846,,"{""model"": ""auto_arima"", ""max_season_length"": 100}",f323f6c
AutoARIMA,statsforecast,autogluon/fev_datasets,M_DENSE_1H,168,10,-1680,168,1,,24,SQL,"['MASE', {'name': 'WAPE', 'epsilon': 1.0}, {'name': 'WQL', 'epsilon': 1.0}]","[0.1, 0.2, 0.3, 0.4, 0.5, 0.6, 0.7, 0.8, 0.9]",id,timestamp,target,,[],[],[],M_DENSE_1H,1.0625833507,0.0,2936.89061578,300,a291fe961233f488,False,0.8.0,1.0625833507,1.1833753259,0.2454276024,0.2211301613,,"{""model"": ""auto_arima"", ""max_season_length"": 100}",f323f6c
AutoARIMA,statsforecast,autogluon/fev_datasets,SZ_TAXI_1H,168,2,-336,168,1,,24,SQL,"['MASE', {'name': 'WAPE', 'epsilon': 1.0}, {'name': 'WQL', 'epsilon': 1.0}]","[0.1, 0.2, 0.3, 0.4, 0.5, 0.6, 0.7, 0.8, 0.9]",id,timestamp,target,,[],[],[],SZ_TAXI_1H,0.6584161141,0.0,835.219897996,312,c8fc2c774fa27320,False,0.8.0,0.6584161141,0.6365009357,0.2079726255,0.2187159408,,"{""model"": ""auto_arima"", ""max_season_length"": 100}",f323f6c
AutoARIMA,statsforecast,autogluon/fev_datasets,australian_tourism,8,2,-16,8,1,,4,SQL,"['MASE', {'name': 'WAPE', 'epsilon': 1.0}, {'name': 'WQL', 'epsilon': 1.0}]","[0.1, 0.2, 0.3, 0.4, 0.5, 0.6, 0.7, 0.8, 0.9]",id,timestamp,target,,[],[],[],australian_tourism,0.8009680414,0.0,6.576958059,178,67065ff520a65e45,False,0.8.0,0.8009680414,1.0124394957,0.1101633592,0.0866216851,,"{""model"": ""auto_arima"", ""max_season_length"": 100}",f323f6c
AutoARIMA,statsforecast,autogluon/fev_datasets,bizitobs_l2c_1H,24,20,-480,24,1,,24,SQL,"['MASE', {'name': 'WAPE', 'epsilon': 1.0}, {'name': 'WQL', 'epsilon': 1.0}]","[0.1, 0.2, 0.3, 0.4, 0.5, 0.6, 0.7, 0.8, 0.9]",id,timestamp,"['target_0', 'target_1', 'target_2', 'target_3', 'target_4', 'target_5', 'target_6']",,[],[],[],bizitobs_l2c_1H,0.6185436388000001,0.0,2105.773867273,140,167357ba0cdd59b2,False,0.8.0,0.6185436388000001,0.7748607981000001,1.7735276670000002,1.4044947576,,"{""model"": ""auto_arima"", ""max_season_length"": 100}",f323f6c
AutoARIMA,statsforecast,autogluon/fev_datasets,bizitobs_l2c_5T,288,20,-5760,288,1,,288,SQL,"['MASE', {'name': 'WAPE', 'epsilon': 1.0}, {'name': 'WQL', 'epsilon': 1.0}]","[0.1, 0.2, 0.3, 0.4, 0.5, 0.6, 0.7, 0.8, 0.9]",id,timestamp,"['target_0', 'target_1', 'target_2', 'target_3', 'target_4', 'target_5', 'target_6']",,[],[],[],bizitobs_l2c_5T,0.8247104345,0.0,26.716238821,140,89ab1ca4d8dbeb4e,False,0.8.0,0.8247104345,0.9163295651,1.5979523955,1.8771775481,,"{""model"": ""auto_arima"", ""max_season_length"": 100}",f323f6c
AutoARIMA,statsforecast,autogluon/fev_datasets,boomlet_1062,288,20,-5760,288,1,,288,SQL,"['MASE', {'name': 'WAPE', 'epsilon': 1.0}, {'name': 'WQL', 'epsilon': 1.0}]","[0.1, 0.2, 0.3, 0.4, 0.5, 0.6, 0.7, 0.8, 0.9]",id,timestamp,"['target_0', 'target_1', 'target_10', 'target_11', 'target_12', 'target_13', 'target_14', 'target_15', 'target_16', 'target_17', 'target_18', 'target_19', 'target_2', 'target_20', 'target_3', 'target_4', 'target_5', 'target_6', 'target_7', 'target_8', 'target_9']",,[],[],[],boomlet_1062,0.7541477761000001,0.0,77.395207764,420,5315f65aa45f55db,False,0.8.0,0.7541477761000001,0.9510023881,0.7457671709,0.5907259586,,"{""model"": ""auto_arima"", ""max_season_length"": 100}",f323f6c
AutoARIMA,statsforecast,autogluon/fev_datasets,boomlet_1209,288,20,-5760,288,1,,288,SQL,"['MASE', {'name': 'WAPE', 'epsilon': 1.0}, {'name': 'WQL', 'epsilon': 1.0}]","[0.1, 0.2, 0.3, 0.4, 0.5, 0.6, 0.7, 0.8, 0.9]",id,timestamp,"['target_0', 'target_1', 'target_10', 'target_11', 'target_12', 'target_13', 'target_14', 'target_15', 'target_16', 'target_17', 'target_18', 'target_19', 'target_2', 'target_20', 'target_21', 'target_22', 'target_23', 'target_24', 'target_25', 'target_26', 'target_27', 'target_28', 'target_29', 'target_3', 'target_30', 'target_31', 'target_32', 'target_33', 'target_34', 'target_35', 'target_36', 'target_37', 'target_38', 'target_39', 'target_4', 'target_40', 'target_41', 'target_42', 'target_43', 'target_44', 'target_45', 'target_46', 'target_47', 'target_48', 'target_49', 'target_5', 'target_50', 'target_51', 'target_52', 'target_6', 'target_7', 'target_8', 'target_9']",,[],[],[],boomlet_1209,1.1085996536,0.0,181.729950632,1060,af76fff1b484ede3,False,0.8.0,1.1085996536,1.0378800284,0.4278108937,0.4535022053,,"{""model"": ""auto_arima"", ""max_season_length"": 100}",f323f6c
AutoARIMA,statsforecast,autogluon/fev_datasets,boomlet_1225,60,20,-1200,60,1,,1440,SQL,"['MASE', {'name': 'WAPE', 'epsilon': 1.0}, {'name': 'WQL', 'epsilon': 1.0}]","[0.1, 0.2, 0.3, 0.4, 0.5, 0.6, 0.7, 0.8, 0.9]",id,timestamp,"['target_0', 'target_1', 'target_10', 'target_11', 'target_12', 'target_13', 'target_14', 'target_15', 'target_16', 'target_17', 'target_18', 'target_19', 'target_2', 'target_20', 'target_21', 'target_22', 'target_23', 'target_24', 'target_25', 'target_26', 'target_27', 'target_28', 'target_29', 'target_3', 'target_30', 'target_31', 'target_32', 'target_33', 'target_34', 'target_35', 'target_36', 'target_37', 'target_38', 'target_39', 'target_4', 'target_40', 'target_41', 'target_42', 'target_43', 'target_44', 'target_45', 'target_46', 'target_47', 'target_48', 'target_5', 'target_6', 'target_7', 'target_8', 'target_9']",,[],[],[],boomlet_1225,0.2348969849,0.0,118.625355955,980,53a43cd2c9c7ebf1,False,0.8.0,0.2348969849,0.2751876374,0.1446868769,0.12260998,,"{""model"": ""auto_arima"", ""max_season_length"": 100}",f323f6c
AutoARIMA,statsforecast,autogluon/fev_datasets,boomlet_1230,288,20,-5760,288,1,,288,SQL,"['MASE', {'name': 'WAPE', 'epsilon': 1.0}, {'name': 'WQL', 'epsilon': 1.0}]","[0.1, 0.2, 0.3, 0.4, 0.5, 0.6, 0.7, 0.8, 0.9]",id,timestamp,"['target_0', 'target_1', 'target_10', 'target_11', 'target_12', 'target_13', 'target_14', 'target_15', 'target_16', 'target_17', 'target_18', 'target_19', 'target_2', 'target_20', 'target_21', 'target_22', 'target_3', 'target_4', 'target_5', 'target_6', 'target_7', 'target_8', 'target_9']",,[],[],[],boomlet_1230,1.8500253406,0.0,82.749349232,460,6e7b8e026660d41c,False,0.8.0,1.8500253406,1.5864986165,0.3998710702,0.4477425115,,"{""model"": ""auto_arima"", ""max_season_length"": 100}",f323f6c
AutoARIMA,statsforecast,autogluon/fev_datasets,boomlet_1282,60,20,-1200,60,1,,1440,SQL,"['MASE', {'name': 'WAPE', 'epsilon': 1.0}, {'name': 'WQL', 'epsilon': 1.0}]","[0.1, 0.2, 0.3, 0.4, 0.5, 0.6, 0.7, 0.8, 0.9]",id,timestamp,"['target_0', 'target_1', 'target_10', 'target_11', 'target_12', 'target_13', 'target_14', 'target_15', 'target_16', 'target_17', 'target_18', 'target_19', 'target_2', 'target_20', 'target_21', 'target_22', 'target_23', 'target_24', 'target_25', 'target_26', 'target_27', 'target_28', 'target_29', 'target_3', 'target_30', 'target_31', 'target_32', 'target_33', 'target_34', 'target_4', 'target_5', 'target_6', 'target_7', 'target_8', 'target_9']",,[],[],[],boomlet_1282,0.5565242632,0.0,111.554848978,700,c0f21ca23524dd1f,False,0.8.0,0.5565242632,0.5924898439,0.4049750819,0.3750317969,,"{""model"": ""auto_arima"", ""max_season_length"": 100}",f323f6c
AutoARIMA,statsforecast,autogluon/fev_datasets,boomlet_1487,288,20,-5760,288,1,,288,SQL,"['MASE', {'name': 'WAPE', 'epsilon': 1.0}, {'name': 'WQL', 'epsilon': 1.0}]","[0.1, 0.2, 0.3, 0.4, 0.5, 0.6, 0.7, 0.8, 0.9]",id,timestamp,"['target_0', 'target_1', 'target_10', 'target_11', 'target_12', 'target_13', 'target_14', 'target_15', 'target_16', 'target_17', 'target_18', 'target_19', 'target_2', 'target_20', 'target_21', 'target_22', 'target_23', 'target_24', 'target_25', 'target_26', 'target_27', 'target_28', 'target_29', 'target_3', 'target_30', 'target_31', 'target_32', 'target_33', 'target_34', 'target_35', 'target_36', 'target_37', 'target_38', 'target_39', 'target_4', 'target_40', 'target_41', 'target_42', 'target_43', 'target_44', 'target_45', 'target_46', 'target_47', 'target_48', 'target_49', 'target_5', 'target_50', 'target_51', 'target_52', 'target_53', 'target_6', 'target_7', 'target_8', 'target_9']",,[],[],[],boomlet_1487,0.6560424582000001,0.0,120.494553494,1080,230d7ec998d3cbb2,False,0.8.0,0.6560424582000001,0.6561515256,0.2590437585,0.2570055801,,"{""model"": ""auto_arima"", ""max_season_length"": 100}",f323f6c
AutoARIMA,statsforecast,autogluon/fev_datasets,boomlet_1631,96,20,-1920,96,1,,48,SQL,"['MASE', {'name': 'WAPE', 'epsilon': 1.0}, {'name': 'WQL', 'epsilon': 1.0}]","[0.1, 0.2, 0.3, 0.4, 0.5, 0.6, 0.7, 0.8, 0.9]",id,timestamp,"['target_0', 'target_1', 'target_10', 'target_11', 'target_12', 'target_13', 'target_14', 'target_15', 'target_16', 'target_17', 'target_18', 'target_19', 'target_2', 'target_20', 'target_21', 'target_22', 'target_23', 'target_24', 'target_25', 'target_26', 'target_27', 'target_28', 'target_29', 'target_3', 'target_30', 'target_31', 'target_32', 'target_33', 'target_34', 'target_35', 'target_36', 'target_37', 'target_38', 'target_39', 'target_4', 'target_5', 'target_6', 'target_7', 'target_8', 'target_9']",,[],[],[],boomlet_1631,0.6896442348,0.0,42587.699597483,800,d69b69e987e32a2b,False,0.8.0,0.6896442348,0.7906855409,0.3495776854,0.3057833278,,"{""model"": ""auto_arima"", ""max_season_length"": 100}",f323f6c
AutoARIMA,statsforecast,autogluon/fev_datasets,boomlet_1676,96,20,-1920,96,1,,48,SQL,"['MASE', {'name': 'WAPE', 'epsilon': 1.0}, {'name': 'WQL', 'epsilon': 1.0}]","[0.1, 0.2, 0.3, 0.4, 0.5, 0.6, 0.7, 0.8, 0.9]",id,timestamp,"['target_0', 'target_1', 'target_10', 'target_11', 'target_12', 'target_13', 'target_14', 'target_15', 'target_16', 'target_17', 'target_18', 'target_19', 'target_2', 'target_20', 'target_21', 'target_22', 'target_23', 'target_24', 'target_25', 'target_26', 'target_27', 'target_28', 'target_29', 'target_3', 'target_30', 'target_31', 'target_32', 'target_33', 'target_34', 'target_35', 'target_36', 'target_37', 'target_38', 'target_39', 'target_4', 'target_40', 'target_41', 'target_42', 'target_43', 'target_44', 'target_45', 'target_46', 'target_47', 'target_48', 'target_49', 'target_5', 'target_50', 'target_51', 'target_52', 'target_53', 'target_54', 'target_55', 'target_56', 'target_57', 'target_58', 'target_59', 'target_6', 'target_60', 'target_61', 'target_62', 'target_63', 'target_64', 'target_65', 'target_66', 'target_67', 'target_68', 'target_69', 'target_7', 'target_70', 'target_71', 'target_72', 'target_73', 'target_74', 'target_75', 'target_76', 'target_77', 'target_78', 'target_79', 'target_8', 'target_80', 'target_81', 'target_82', 'target_83', 'target_84', 'target_85', 'target_86', 'target_87', 'target_88', 'target_89', 'target_9', 'target_90', 'target_91', 'target_92', 'target_93', 'target_94', 'target_95', 'target_96', 'target_97', 'target_98', 'target_99']",,[],[],[],boomlet_1676,0.664818372,0.0,34691.119859805,2000,027ec0ef1e78a6f2,False,0.8.0,0.664818372,0.7591052795000001,0.3534196437,0.3003211978,,"{""model"": ""auto_arima"", ""max_season_length"": 100}",f323f6c
AutoARIMA,statsforecast,autogluon/fev_datasets,boomlet_1855,24,20,-480,24,1,,24,SQL,"['MASE', {'name': 'WAPE', 'epsilon': 1.0}, {'name': 'WQL', 'epsilon': 1.0}]","[0.1, 0.2, 0.3, 0.4, 0.5, 0.6, 0.7, 0.8, 0.9]",id,timestamp,"['target_0', 'target_1', 'target_10', 'target_11', 'target_12', 'target_13', 'target_14', 'target_15', 'target_16', 'target_17', 'target_18', 'target_19', 'target_2', 'target_20', 'target_21', 'target_22', 'target_23', 'target_24', 'target_25', 'target_26', 'target_27', 'target_28', 'target_29', 'target_3', 'target_30', 'target_31', 'target_32', 'target_33', 'target_34', 'target_35', 'target_36', 'target_37', 'target_38', 'target_39', 'target_4', 'target_40', 'target_41', 'target_42', 'target_43', 'target_44', 'target_45', 'target_46', 'target_47', 'target_48', 'target_49', 'target_5', 'target_50', 'target_51', 'target_6', 'target_7', 'target_8', 'target_9']",,[],[],[],boomlet_1855,1.0829482047,0.0,7419.412306981,1040,cd1d53a59eac2c8a,False,0.8.0,1.0829482047,0.7334421188,0.2241676522,0.2316298817,,"{""model"": ""auto_arima"", ""max_season_length"": 100}",f323f6c
AutoARIMA,statsforecast,autogluon/fev_datasets,boomlet_1975,24,20,-480,24,1,,24,SQL,"['MASE', {'name': 'WAPE', 'epsilon': 1.0}, {'name': 'WQL', 'epsilon': 1.0}]","[0.1, 0.2, 0.3, 0.4, 0.5, 0.6, 0.7, 0.8, 0.9]",id,timestamp,"['target_0', 'target_1', 'target_10', 'target_11', 'target_12', 'target_13', 'target_14', 'target_15', 'target_16', 'target_17', 'target_18', 'target_19', 'target_2', 'target_20', 'target_21', 'target_22', 'target_23', 'target_24', 'target_25', 'target_26', 'target_27', 'target_28', 'target_29', 'target_3', 'target_30', 'target_31', 'target_32', 'target_33', 'target_34', 'target_35', 'target_36', 'target_37', 'target_38', 'target_39', 'target_4', 'target_40', 'target_41', 'target_42', 'target_43', 'target_44', 'target_45', 'target_46', 'target_47', 'target_48', 'target_49', 'target_5', 'target_50', 'target_51', 'target_52', 'target_53', 'target_54', 'target_55', 'target_56', 'target_57', 'target_58', 'target_59', 'target_6', 'target_60', 'target_61', 'target_62', 'target_63', 'target_64', 'target_65', 'target_66', 'target_67', 'target_68', 'target_69', 'target_7', 'target_70', 'target_71', 'target_72', 'target_73', 'target_74', 'target_8', 'target_9']",,[],[],[],boomlet_1975,0.5505765414,0.0,7377.598973195,1500,7e9816ee39ec8d75,False,0.8.0,0.5505765414,0.6455594352,0.3661623289,0.3101025558,,"{""model"": ""auto_arima"", ""max_season_length"": 100}",f323f6c
AutoARIMA,statsforecast,autogluon/fev_datasets,boomlet_2187,24,20,-480,24,1,,24,SQL,"['MASE', {'name': 'WAPE', 'epsilon': 1.0}, {'name': 'WQL', 'epsilon': 1.0}]","[0.1, 0.2, 0.3, 0.4, 0.5, 0.6, 0.7, 0.8, 0.9]",id,timestamp,"['target_0', 'target_1', 'target_10', 'target_11', 'target_12', 'target_13', 'target_14', 'target_15', 'target_16', 'target_17', 'target_18', 'target_19', 'target_2', 'target_20', 'target_21', 'target_22', 'target_23', 'target_24', 'target_25', 'target_26', 'target_27', 'target_28', 'target_29', 'target_3', 'target_30', 'target_31', 'target_32', 'target_33', 'target_34', 'target_35', 'target_36', 'target_37', 'target_38', 'target_39', 'target_4', 'target_40', 'target_41', 'target_42', 'target_43', 'target_44', 'target_45', 'target_46', 'target_47', 'target_48', 'target_49', 'target_5', 'target_50', 'target_51', 'target_52', 'target_53', 'target_54', 'target_55', 'target_56', 'target_57', 'target_58', 'target_59', 'target_6', 'target_60', 'target_61', 'target_62', 'target_63', 'target_64', 'target_65', 'target_66', 'target_67', 'target_68', 'target_69', 'target_7', 'target_70', 'target_71', 'target_72', 'target_73', 'target_74', 'target_75', 'target_76', 'target_77', 'target_78', 'target_79', 'target_8', 'target_80', 'target_81', 'target_82', 'target_83', 'target_84', 'target_85', 'target_86', 'target_87', 'target_88', 'target_89', 'target_9', 'target_90', 'target_91', 'target_92', 'target_93', 'target_94', 'target_95', 'target_96', 'target_97', 'target_98', 'target_99']",,[],[],[],boomlet_2187,1.3028566625,0.0,16189.191222654,2000,8afbba40b02d520a,False,0.8.0,1.3028566625,1.2812206596,0.4429809164,0.4412020453,,"{""model"": ""auto_arima"", ""max_season_length"": 100}",f323f6c
AutoARIMA,statsforecast,autogluon/fev_datasets,boomlet_285,60,20,-1200,60,1,,1440,SQL,"['MASE', {'name': 'WAPE', 'epsilon': 1.0}, {'name': 'WQL', 'epsilon': 1.0}]","[0.1, 0.2, 0.3, 0.4, 0.5, 0.6, 0.7, 0.8, 0.9]",id,timestamp,"['target_0', 'target_1', 'target_10', 'target_11', 'target_12', 'target_13', 'target_14', 'target_15', 'target_16', 'target_17', 'target_18', 'target_19', 'target_2', 'target_20', 'target_21', 'target_22', 'target_23', 'target_24', 'target_25', 'target_26', 'target_27', 'target_28', 'target_29', 'target_3', 'target_30', 'target_31', 'target_32', 'target_33', 'target_34', 'target_35', 'target_36', 'target_37', 'target_38', 'target_39', 'target_4', 'target_40', 'target_41', 'target_42', 'target_43', 'target_44', 'target_45', 'target_46', 'target_47', 'target_48', 'target_49', 'target_5', 'target_50', 'target_51', 'target_52', 'target_53', 'target_54', 'target_55', 'target_56', 'target_57', 'target_58', 'target_59', 'target_6', 'target_60', 'target_61', 'target_62', 'target_63', 'target_64', 'target_65', 'target_66', 'target_67', 'target_68', 'target_69', 'target_7', 'target_70', 'target_71', 'target_72', 'target_73', 'target_74', 'target_8', 'target_9']",,[],[],[],boomlet_285,1.1887776826,0.0,157.636830418,1500,b08e8ba2a228e2e5,False,0.8.0,1.1887776826,0.7883015484,0.3443378916,0.2917086037,,"{""model"": ""auto_arima"", ""max_season_length"": 100}",f323f6c
AutoARIMA,statsforecast,autogluon/fev_datasets,boomlet_619,60,20,-1200,60,1,,1440,SQL,"['MASE', {'name': 'WAPE', 'epsilon': 1.0}, {'name': 'WQL', 'epsilon': 1.0}]","[0.1, 0.2, 0.3, 0.4, 0.5, 0.6, 0.7, 0.8, 0.9]",id,timestamp,"['target_0', 'target_1', 'target_10', 'target_11', 'target_12', 'target_13', 'target_14', 'target_15', 'target_16', 'target_17', 'target_18', 'target_19', 'target_2', 'target_20', 'target_21', 'target_22', 'target_23', 'target_24', 'target_25', 'target_26', 'target_27', 'target_28', 'target_29', 'target_3', 'target_30', 'target_31', 'target_32', 'target_33', 'target_34', 'target_35', 'target_36', 'target_37', 'target_38', 'target_39', 'target_4', 'target_40', 'target_41', 'target_42', 'target_43', 'target_44', 'target_45', 'target_46', 'target_47', 'target_48', 'target_49', 'target_5', 'target_50', 'target_51', 'target_6', 'target_7', 'target_8', 'target_9']",,[],[],[],boomlet_619,0.5544648006,0.0,118.580805421,1040,a20d9d612ea2e091,False,0.8.0,0.5544648006,0.7170247035,0.5880218176,0.4527380943,,"{""model"": ""auto_arima"", ""max_season_length"": 100}",f323f6c
AutoARIMA,statsforecast,autogluon/fev_datasets,boomlet_772,60,20,-1200,60,1,,1440,SQL,"['MASE', {'name': 'WAPE', 'epsilon': 1.0}, {'name': 'WQL', 'epsilon': 1.0}]","[0.1, 0.2, 0.3, 0.4, 0.5, 0.6, 0.7, 0.8, 0.9]",id,timestamp,"['target_0', 'target_1', 'target_10', 'target_11', 'target_12', 'target_13', 'target_14', 'target_15', 'target_16', 'target_17', 'target_18', 'target_19', 'target_2', 'target_20', 'target_21', 'target_22', 'target_23', 'target_24', 'target_25', 'target_26', 'target_27', 'target_28', 'target_29', 'target_3', 'target_30', 'target_31', 'target_32', 'target_33', 'target_34', 'target_35', 'target_36', 'target_37', 'target_38', 'target_39', 'target_4', 'target_40', 'target_41', 'target_42', 'target_43', 'target_44', 'target_45', 'target_46', 'target_47', 'target_48', 'target_49', 'target_5', 'target_50', 'target_51', 'target_52', 'target_53', 'target_54', 'target_55', 'target_56', 'target_57', 'target_58', 'target_59', 'target_6', 'target_60', 'target_61', 'target_62', 'target_63', 'target_64', 'target_65', 'target_66', 'target_7', 'target_8', 'target_9']",,[],[],[],boomlet_772,0.7834129983,0.0,215.310618243,1340,65e5cc1b1b902449,False,0.8.0,0.7834129983,0.5361147753000001,0.2378165952,0.3102148884,,"{""model"": ""auto_arima"", ""max_season_length"": 100}",f323f6c
AutoARIMA,statsforecast,autogluon/fev_datasets,boomlet_963,60,20,-1200,60,1,,1440,SQL,"['MASE', {'name': 'WAPE', 'epsilon': 1.0}, {'name': 'WQL', 'epsilon': 1.0}]","[0.1, 0.2, 0.3, 0.4, 0.5, 0.6, 0.7, 0.8, 0.9]",id,timestamp,"['target_0', 'target_1', 'target_10', 'target_11', 'target_12', 'target_13', 'target_14', 'target_15', 'target_16', 'target_17', 'target_18', 'target_19', 'target_2', 'target_20', 'target_21', 'target_22', 'target_23', 'target_24', 'target_25', 'target_26', 'target_27', 'target_3', 'target_4', 'target_5', 'target_6', 'target_7', 'target_8', 'target_9']",,[],[],[],boomlet_963,1.1056032589,0.0,102.617216356,560,45e417d57b7c8664,False,0.8.0,1.1056032589,1.1099255265,0.5164873151,0.5019102045,,"{""model"": ""auto_arima"", ""max_season_length"": 100}",f323f6c
AutoARIMA,statsforecast,autogluon/fev_datasets,ecdc_ili,13,10,-130,13,1,,1,SQL,"['MASE', {'name': 'WAPE', 'epsilon': 1.0}, {'name': 'WQL', 'epsilon': 1.0}]","[0.1, 0.2, 0.3, 0.4, 0.5, 0.6, 0.7, 0.8, 0.9]",id,timestamp,target,,[],[],[],ecdc_ili,3.6414550458,0.0,14.171360761,240,e72cf15c97fc1dd6,False,0.8.0,3.6414550458,4.196380557,0.5880377347,0.5348657716,,"{""model"": ""auto_arima"", ""max_season_length"": 100}",f323f6c
AutoARIMA,statsforecast,autogluon/fev_datasets,entsoe_1H,168,20,-3360,168,1,,24,SQL,"['MASE', {'name': 'WAPE', 'epsilon': 1.0}, {'name': 'WQL', 'epsilon': 1.0}]","[0.1, 0.2, 0.3, 0.4, 0.5, 0.6, 0.7, 0.8, 0.9]",id,timestamp,target,,"['radiation_diffuse_horizontal', 'radiation_direct_horizontal', 'temperature']",[],[],entsoe_1H,0.8725110646,0.0,4361.468083141,120,aff93292e497726b,False,0.8.0,0.8725110646,1.1176425509,0.0854086553,0.0666871832,,"{""model"": ""auto_arima"", ""max_season_length"": 100}",f323f6c
AutoARIMA,statsforecast,autogluon/fev_datasets,entsoe_30T,96,20,-1920,96,1,,48,SQL,"['MASE', {'name': 'WAPE', 'epsilon': 1.0}, {'name': 'WQL', 'epsilon': 1.0}]","[0.1, 0.2, 0.3, 0.4, 0.5, 0.6, 0.7, 0.8, 0.9]",id,timestamp,target,,"['radiation_diffuse_horizontal', 'radiation_direct_horizontal', 'temperature']",[],[],entsoe_30T,0.9807421936,0.0,20005.633970828,120,0416fc7d5fcf96e2,False,0.8.0,0.9807421936,1.2299298771,0.0909343821,0.0731621073,,"{""model"": ""auto_arima"", ""max_season_length"": 100}",f323f6c
AutoARIMA,statsforecast,autogluon/fev_datasets,epf_be,24,20,-480,24,1,,24,SQL,"['MASE', {'name': 'WAPE', 'epsilon': 1.0}, {'name': 'WQL', 'epsilon': 1.0}]","[0.1, 0.2, 0.3, 0.4, 0.5, 0.6, 0.7, 0.8, 0.9]",id,timestamp,target,,"['Generation forecast', 'System load forecast']",[],[],epf_be,1.056062842,0.0,1332.376316685,20,eacac43cdbd837ec,False,0.8.0,1.056062842,1.0947820435,0.1986222899,0.1868416275,,"{""model"": ""auto_arima"", ""max_season_length"": 100}",f323f6c
AutoARIMA,statsforecast,autogluon/fev_datasets,epf_de,24,20,-480,24,1,,24,SQL,"['MASE', {'name': 'WAPE', 'epsilon': 1.0}, {'name': 'WQL', 'epsilon': 1.0}]","[0.1, 0.2, 0.3, 0.4, 0.5, 0.6, 0.7, 0.8, 0.9]",id,timestamp,target,,"['Ampirion Load Forecast', 'PV+Wind Forecast']",[],[],epf_de,1.2777052381,0.0,1131.952190402,20,ad020fd54ab7078f,False,0.8.0,1.2777052381,1.6231051649,0.6818832147,0.5432797568000001,,"{""model"": ""auto_arima"", ""max_season_length"": 100}",f323f6c
AutoARIMA,statsforecast,autogluon/fev_datasets,epf_fr,24,20,-480,24,1,,24,SQL,"['MASE', {'name': 'WAPE', 'epsilon': 1.0}, {'name': 'WQL', 'epsilon': 1.0}]","[0.1, 0.2, 0.3, 0.4, 0.5, 0.6, 0.7, 0.8, 0.9]",id,timestamp,target,,"['Generation forecast', 'System load forecast']",[],[],epf_fr,1.1580732802,0.0,1336.220989083,20,dfce2cfc9cbcf380,False,0.8.0,1.1580732802,0.9888394091,0.1532071661,0.171487674,,"{""model"": ""auto_arima"", ""max_season_length"": 100}",f323f6c
AutoARIMA,statsforecast,autogluon/fev_datasets,epf_np,24,20,-480,24,1,,24,SQL,"['MASE', {'name': 'WAPE', 'epsilon': 1.0}, {'name': 'WQL', 'epsilon': 1.0}]","[0.1, 0.2, 0.3, 0.4, 0.5, 0.6, 0.7, 0.8, 0.9]",id,timestamp,target,,"['Grid load forecast', 'Wind power forecast']",[],[],epf_np,1.3932103544,0.0,875.345048847,20,0a17a2edca8b0670,False,0.8.0,1.3932103544,1.7096191338,0.0786227771,0.0636813178,,"{""model"": ""auto_arima"", ""max_season_length"": 100}",f323f6c
AutoARIMA,statsforecast,autogluon/fev_datasets,epf_pjm,24,20,-480,24,1,,24,SQL,"['MASE', {'name': 'WAPE', 'epsilon': 1.0}, {'name': 'WQL', 'epsilon': 1.0}]","[0.1, 0.2, 0.3, 0.4, 0.5, 0.6, 0.7, 0.8, 0.9]",id,timestamp,target,,"['System load forecast', 'Zonal COMED load foecast']",[],[],epf_pjm,0.4818704953,0.0,1146.079913483,20,6752d1881d4327d6,False,0.8.0,0.4818704953,0.5572886505,0.0984762136,0.0855296797,,"{""model"": ""auto_arima"", ""max_season_length"": 100}",f323f6c
AutoARIMA,statsforecast,autogluon/fev_datasets,ercot_1D,28,20,-560,28,1,,7,SQL,"['MASE', {'name': 'WAPE', 'epsilon': 1.0}, {'name': 'WQL', 'epsilon': 1.0}]","[0.1, 0.2, 0.3, 0.4, 0.5, 0.6, 0.7, 0.8, 0.9]",id,timestamp,target,,[],[],[],ercot_1D,1.1018625514,0.0,424.35427106,160,60f5c61c335ca94b,False,0.8.0,1.1018625514,1.3979692312,0.1103588401,0.0865494548,,"{""model"": ""auto_arima"", ""max_season_length"": 100}",f323f6c
AutoARIMA,statsforecast,autogluon/fev_datasets,ercot_1H,168,20,-3360,168,1,,24,SQL,"['MASE', {'name': 'WAPE', 'epsilon': 1.0}, {'name': 'WQL', 'epsilon': 1.0}]","[0.1, 0.2, 0.3, 0.4, 0.5, 0.6, 0.7, 0.8, 0.9]",id,timestamp,target,,[],[],[],ercot_1H,1.1754444734,0.0,3970.141781264,160,9dac00f9725bae76,False,0.8.0,1.1754444734,1.4621684966,0.0749658528,0.0597358018,,"{""model"": ""auto_arima"", ""max_season_length"": 100}",f323f6c
AutoARIMA,statsforecast,autogluon/fev_datasets,ercot_1M,12,15,-180,12,1,,12,SQL,"['MASE', {'name': 'WAPE', 'epsilon': 1.0}, {'name': 'WQL', 'epsilon': 1.0}]","[0.1, 0.2, 0.3, 0.4, 0.5, 0.6, 0.7, 0.8, 0.9]",id,timestamp,target,,[],[],[],ercot_1M,0.7879913772,0.0,41.975762986,120,f718a7351f27a9ca,False,0.8.0,0.7879913772,0.9971197992,0.0493777897,0.0388325707,,"{""model"": ""auto_arima"", ""max_season_length"": 100}",f323f6c
AutoARIMA,statsforecast,autogluon/fev_datasets,ercot_1W,13,20,-260,13,1,,1,SQL,"['MASE', {'name': 'WAPE', 'epsilon': 1.0}, {'name': 'WQL', 'epsilon': 1.0}]","[0.1, 0.2, 0.3, 0.4, 0.5, 0.6, 0.7, 0.8, 0.9]",id,timestamp,target,,[],[],[],ercot_1W,2.0899487146,0.0,30.095009168,160,b2fe1f0fe49551a1,False,0.8.0,2.0899487146,2.6323348170000003,0.1429765576,0.1129826874,,"{""model"": ""auto_arima"", ""max_season_length"": 100}",f323f6c
AutoARIMA,statsforecast,autogluon/fev_datasets,favorita_stores_1D,28,10,-280,28,1,,7,SQL,"['MASE', {'name': 'WAPE', 'epsilon': 1.0}, {'name': 'WQL', 'epsilon': 1.0}]","[0.1, 0.2, 0.3, 0.4, 0.5, 0.6, 0.7, 0.8, 0.9]",id,timestamp,sales,,"['holiday', 'onpromotion']",['oil_price'],"['city', 'cluster', 'family', 'state', 'store_nbr', 'type']",favorita_stores_1D,1.2216416049,0.0,17163.749819203,15790,19461c7044524e5b,False,0.8.0,1.2216416049,1.4187797289,0.1934442445,0.1647292421,,"{""model"": ""auto_arima"", ""max_season_length"": 100}",f323f6c
AutoARIMA,statsforecast,autogluon/fev_datasets,favorita_stores_1M,12,2,-24,12,1,,12,SQL,"['MASE', {'name': 'WAPE', 'epsilon': 1.0}, {'name': 'WQL', 'epsilon': 1.0}]","[0.1, 0.2, 0.3, 0.4, 0.5, 0.6, 0.7, 0.8, 0.9]",id,timestamp,sales,,['onpromotion'],['oil_price'],"['city', 'cluster', 'family', 'state', 'store_nbr', 'type']",favorita_stores_1M,2.0381596399,0.0,114.947500062,3158,84fb97f68dbadc4d,False,0.8.0,2.0381596399,2.2074958895,0.1385348547,0.1314480379,,"{""model"": ""auto_arima"", ""max_season_length"": 100}",f323f6c
AutoARIMA,statsforecast,autogluon/fev_datasets,favorita_stores_1W,13,10,-130,13,1,,1,SQL,"['MASE', {'name': 'WAPE', 'epsilon': 1.0}, {'name': 'WQL', 'epsilon': 1.0}]","[0.1, 0.2, 0.3, 0.4, 0.5, 0.6, 0.7, 0.8, 0.9]",id,timestamp,sales,,['onpromotion'],['oil_price'],"['city', 'cluster', 'family', 'state', 'store_nbr', 'type']",favorita_stores_1W,2.2969051103,0.0,535.343363461,15790,209e5285efe3cc11,False,0.8.0,2.2969051103,2.5800667865,0.1500959677,0.1331314369,,"{""model"": ""auto_arima"", ""max_season_length"": 100}",f323f6c
AutoARIMA,statsforecast,autogluon/fev_datasets,favorita_transactions_1D,28,10,-280,28,1,,7,SQL,"['MASE', {'name': 'WAPE', 'epsilon': 1.0}, {'name': 'WQL', 'epsilon': 1.0}]","[0.1, 0.2, 0.3, 0.4, 0.5, 0.6, 0.7, 0.8, 0.9]",id,timestamp,transactions,,['holiday'],['oil_price'],"['city', 'cluster', 'state', 'store_nbr', 'type']",favorita_transactions_1D,1.5621685722,0.0,742.993567646,510,39e8c1c4f2cbe086,False,0.8.0,1.5621685722,1.7409399798,0.1204928338,0.1055051906,,"{""model"": ""auto_arima"", ""max_season_length"": 100}",f323f6c
AutoARIMA,statsforecast,autogluon/fev_datasets,favorita_transactions_1M,12,2,-24,12,1,,12,SQL,"['MASE', {'name': 'WAPE', 'epsilon': 1.0}, {'name': 'WQL', 'epsilon': 1.0}]","[0.1, 0.2, 0.3, 0.4, 0.5, 0.6, 0.7, 0.8, 0.9]",id,timestamp,transactions,,[],['oil_price'],"['city', 'cluster', 'state', 'store_nbr', 'type']",favorita_transactions_1M,1.2777968251,0.0,3.235023878,102,f2fdd1578e3fe1da,False,0.8.0,1.2777968251,1.4642002985,0.0833974167,0.0776326593,,"{""model"": ""auto_arima"", ""max_season_length"": 100}",f323f6c
AutoARIMA,statsforecast,autogluon/fev_datasets,favorita_transactions_1W,13,10,-130,13,1,,1,SQL,"['MASE', {'name': 'WAPE', 'epsilon': 1.0}, {'name': 'WQL', 'epsilon': 1.0}]","[0.1, 0.2, 0.3, 0.4, 0.5, 0.6, 0.7, 0.8, 0.9]",id,timestamp,transactions,,[],['oil_price'],"['city', 'cluster', 'state', 'store_nbr', 'type']",favorita_transactions_1W,1.6323137004,0.0,22.009226912,510,297f1fca2bed5b06,False,0.8.0,1.6323137004,1.7908497992,0.0730921635,0.0648478227,,"{""model"": ""auto_arima"", ""max_season_length"": 100}",f323f6c
AutoARIMA,statsforecast,autogluon/fev_datasets,fred_md_2025,12,20,-240,12,1,,1,SQL,"['MASE', {'name': 'WAPE', 'epsilon': 1.0}, {'name': 'WQL', 'epsilon': 1.0}]","[0.1, 0.2, 0.3, 0.4, 0.5, 0.6, 0.7, 0.8, 0.9]",id,timestamp,"['CPIAUCSL', 'FEDFUNDS', 'PAYEMS']",,[],"['M2REAL', 'NONBORRES', 'PPICMM', 'TOTRESNS']",[],fred_md_2025/cee,5.8791416317,0.0,124.827394366,60,6fd14b4ca30b94f0,False,0.8.0,5.8791416317,6.365691742,0.1015705654,0.1336604251,,"{""model"": ""auto_arima"", ""max_season_length"": 100}",f323f6c
AutoARIMA,statsforecast,autogluon/fev_datasets,fred_md_2025,12,20,-240,12,1,,1,SQL,"['MASE', {'name': 'WAPE', 'epsilon': 1.0}, {'name': 'WQL', 'epsilon': 1.0}]","[0.1, 0.2, 0.3, 0.4, 0.5, 0.6, 0.7, 0.8, 0.9]",id,timestamp,"['AAA', 'AWHMAN', 'BAA', 'BUSINVx', 'CPIAUCSL', 'CPIMEDSL', 'CUMFNS', 'DMANEMP', 'EXUSUKx', 'FEDFUNDS', 'GS1', 'GS10', 'GS5', 'HOUST', 'INDPRO', 'INVEST', 'IPBUSEQ', 'IPCONGD', 'IPDCONGD', 'IPDMAT', 'IPFINAL', 'IPMANSICS', 'IPMAT', 'IPNCONGD', 'IPNMAT', 'M2REAL', 'MANEMP', 'NDMANEMP', 'NONBORRES', 'PAYEMS', 'PERMIT', 'PPICMM', 'S&P 500', 'SRVPRD', 'TB3MS', 'TB6MS', 'TOTRESNS', 'UEMP15T26', 'UEMP27OV', 'UEMP5TO14', 'UEMPLT5', 'UEMPMEAN', 'UMCSENTx', 'UNRATE', 'USCONS', 'USFIRE', 'USGOOD', 'USGOVT', 'USTPU', 'USTRADE', 'VIXCLSx']",,[],[],[],fred_md_2025/macro,6.5438633313,0.0,875.043499458,1020,6fd14b4ca30b94f0,False,0.8.0,6.5438633313,7.2903875836,0.0913136794,0.0859787221,,"{""model"": ""auto_arima"", ""max_season_length"": 100}",f323f6c
AutoARIMA,statsforecast,autogluon/fev_datasets,fred_qd_2025,8,20,-160,8,1,,1,SQL,"['MASE', {'name': 'WAPE', 'epsilon': 1.0}, {'name': 'WQL', 'epsilon': 1.0}]","[0.1, 0.2, 0.3, 0.4, 0.5, 0.6, 0.7, 0.8, 0.9]",id,timestamp,"['CPIAUCSL', 'FEDFUNDS', 'PAYEMS']",,[],"['M2REAL', 'NONBORRES', 'PPICMM', 'TOTRESNS']",[],fred_qd_2025/cee,1.9543398256,0.0,21.058736372,60,4ca57ebf484d0702,False,0.8.0,1.9543398256,2.306650384,0.1628828007,0.1474873423,,"{""model"": ""auto_arima"", ""max_season_length"": 100}",f323f6c
AutoARIMA,statsforecast,autogluon/fev_datasets,fred_qd_2025,8,20,-160,8,1,,1,SQL,"['MASE', {'name': 'WAPE', 'epsilon': 1.0}, {'name': 'WQL', 'epsilon': 1.0}]","[0.1, 0.2, 0.3, 0.4, 0.5, 0.6, 0.7, 0.8, 0.9]",id,timestamp,"['AAA', 'AWHMAN', 'BAA', 'BUSINVx', 'CPIAUCSL', 'CPIMEDSL', 'CUMFNS', 'DMANEMP', 'EXUSUKx', 'FEDFUNDS', 'GS1', 'GS10', 'GS5', 'HOUST', 'INDPRO', 'INVEST', 'IPBUSEQ', 'IPCONGD', 'IPDCONGD', 'IPDMAT', 'IPFINAL', 'IPMANSICS', 'IPMAT', 'IPNCONGD', 'IPNMAT', 'M2REAL', 'MANEMP', 'NDMANEMP', 'NONBORRES', 'PAYEMS', 'PERMIT', 'PPICMM', 'S&P 500', 'SRVPRD', 'TB3MS', 'TB6MS', 'TOTRESNS', 'UEMP15T26', 'UEMP27OV', 'UEMP5TO14', 'UEMPLT5', 'UEMPMEAN', 'UMCSENTx', 'UNRATE', 'USCONS', 'USFIRE', 'USGOOD', 'USGOVT', 'USTPU', 'USTRADE', 'VIXCLSx']",,[],[],[],fred_qd_2025/macro,3.867502906,0.0,91.551755475,1020,4ca57ebf484d0702,False,0.8.0,3.867502906,4.483710003,0.1150225397,0.0955504799,,"{""model"": ""auto_arima"", ""max_season_length"": 100}",f323f6c
AutoARIMA,statsforecast,autogluon/fev_datasets,gvar,8,10,-80,8,1,,4,SQL,"['MASE', {'name': 'WAPE', 'epsilon': 1.0}, {'name': 'WQL', 'epsilon': 1.0}]","[0.1, 0.2, 0.3, 0.4, 0.5, 0.6, 0.7, 0.8, 0.9]",id,timestamp,"['Dp', 'ep', 'eq', 'lr', 'r', 'y']",,[],"['pmat', 'pmetal', 'poil']",[],gvar,0.6171744531000001,0.0,81.051951839,1980,61766544be22840b,False,0.8.0,0.6171744531000001,0.7032889312,0.0184923179,0.0169170494,,"{""model"": ""auto_arima"", ""max_season_length"": 100}",f323f6c
AutoARIMA,statsforecast,autogluon/fev_datasets,hermes,52,1,-52,52,1,,1,SQL,"['MASE', {'name': 'WAPE', 'epsilon': 1.0}, {'name': 'WQL', 'epsilon': 1.0}]","[0.1, 0.2, 0.3, 0.4, 0.5, 0.6, 0.7, 0.8, 0.9]",id,timestamp,target,,['external'],[],"['category', 'country']",hermes,1.2129200317,0.0,309.80576358,10000,107b852d349c8182,False,0.8.0,1.2129200317,1.5317415283,0.0063903025,0.0050407278,,"{""model"": ""auto_arima"", ""max_season_length"": 100}",f323f6c
AutoARIMA,statsforecast,autogluon/fev_datasets,hierarchical_sales_1D,28,10,-280,28,1,,7,SQL,"['MASE', {'name': 'WAPE', 'epsilon': 1.0}, {'name': 'WQL', 'epsilon': 1.0}]","[0.1, 0.2, 0.3, 0.4, 0.5, 0.6, 0.7, 0.8, 0.9]",id,timestamp,target,,[],[],[],hierarchical_sales_1D,0.6445167349,0.0,1227.858432483,1180,77b3d008284e117b,False,0.8.0,0.6445167349,0.7735716435000001,0.8072637297,0.6915383975,,"{""model"": ""auto_arima"", ""max_season_length"": 100}",f323f6c
AutoARIMA,statsforecast,autogluon/fev_datasets,hierarchical_sales_1W,13,10,-130,13,1,,1,SQL,"['MASE', {'name': 'WAPE', 'epsilon': 1.0}, {'name': 'WQL', 'epsilon': 1.0}]","[0.1, 0.2, 0.3, 0.4, 0.5, 0.6, 0.7, 0.8, 0.9]",id,timestamp,target,,[],[],[],hierarchical_sales_1W,0.7472607396000001,0.0,36.476146191,1180,2b2b335c105dabf3,False,0.8.0,0.7472607396000001,0.9125112587,0.5603942556,0.4672185483,,"{""model"": ""auto_arima"", ""max_season_length"": 100}",f323f6c
AutoARIMA,statsforecast,autogluon/fev_datasets,hospital,12,4,-48,12,1,,12,SQL,"['MASE', {'name': 'WAPE', 'epsilon': 1.0}, {'name': 'WQL', 'epsilon': 1.0}]","[0.1, 0.2, 0.3, 0.4, 0.5, 0.6, 0.7, 0.8, 0.9]",id,timestamp,target,,[],[],[],hospital,0.7310321411,0.0,148.017315193,3068,188b4fce7bbf0ba7,False,0.8.0,0.7310321411,0.9191221956,0.1056054813,0.0845424144,,"{""model"": ""auto_arima"", ""max_season_length"": 100}",f323f6c
AutoARIMA,statsforecast,autogluon/fev_datasets,hospital_admissions_1D,28,20,-560,28,1,,7,SQL,"['MASE', {'name': 'WAPE', 'epsilon': 1.0}, {'name': 'WQL', 'epsilon': 1.0}]","[0.1, 0.2, 0.3, 0.4, 0.5, 0.6, 0.7, 0.8, 0.9]",id,timestamp,target,,[],[],[],hospital_admissions_1D,0.5556445819,0.0,49.444725533,160,2a4e1183560f9bb2,False,0.8.0,0.5556445819,0.7209334515,0.5348244904,0.4121681665,,"{""model"": ""auto_arima"", ""max_season_length"": 100}",f323f6c
AutoARIMA,statsforecast,autogluon/fev_datasets,hospital_admissions_1W,13,16,-208,13,1,,1,SQL,"['MASE', {'name': 'WAPE', 'epsilon': 1.0}, {'name': 'WQL', 'epsilon': 1.0}]","[0.1, 0.2, 0.3, 0.4, 0.5, 0.6, 0.7, 0.8, 0.9]",id,timestamp,target,,[],[],[],hospital_admissions_1W,0.5793359346,0.0,8.093527261,128,5ac11b235b4614f4,False,0.8.0,0.5793359346,0.7540567666,0.212284724,0.1631143082,,"{""model"": ""auto_arima"", ""max_season_length"": 100}",f323f6c
AutoARIMA,statsforecast,autogluon/fev_datasets,jena_weather_10T,144,20,-2880,144,1,,144,SQL,"['MASE', {'name': 'WAPE', 'epsilon': 1.0}, {'name': 'WQL', 'epsilon': 1.0}]","[0.1, 0.2, 0.3, 0.4, 0.5, 0.6, 0.7, 0.8, 0.9]",id,timestamp,"['target_0', 'target_1', 'target_10', 'target_11', 'target_12', 'target_13', 'target_14', 'target_15', 'target_16', 'target_17', 'target_18', 'target_19', 'target_2', 'target_20', 'target_3', 'target_4', 'target_5', 'target_6', 'target_7', 'target_8', 'target_9']",,[],[],[],jena_weather_10T,0.5032091612,0.0,70.51307604,420,25a5999066a34de5,False,0.8.0,0.5032091612,0.5727477171,1.1769855511,1.1999625736,,"{""model"": ""auto_arima"", ""max_season_length"": 100}",f323f6c
AutoARIMA,statsforecast,autogluon/fev_datasets,jena_weather_1D,28,11,-308,28,1,,1,SQL,"['MASE', {'name': 'WAPE', 'epsilon': 1.0}, {'name': 'WQL', 'epsilon': 1.0}]","[0.1, 0.2, 0.3, 0.4, 0.5, 0.6, 0.7, 0.8, 0.9]",id,timestamp,"['target_0', 'target_1', 'target_10', 'target_11', 'target_12', 'target_13', 'target_14', 'target_15', 'target_16', 'target_17', 'target_18', 'target_19', 'target_2', 'target_20', 'target_3', 'target_4', 'target_5', 'target_6', 'target_7', 'target_8', 'target_9']",,[],[],[],jena_weather_1D,1.3052392127,0.0,38.335413862,231,003626a54394cc81,False,0.8.0,1.3052392127,1.5277037006,0.339473425,0.3017046195,,"{""model"": ""auto_arima"", ""max_season_length"": 100}",f323f6c
AutoARIMA,statsforecast,autogluon/fev_datasets,jena_weather_1H,24,20,-480,24,1,,24,SQL,"['MASE', {'name': 'WAPE', 'epsilon': 1.0}, {'name': 'WQL', 'epsilon': 1.0}]","[0.1, 0.2, 0.3, 0.4, 0.5, 0.6, 0.7, 0.8, 0.9]",id,timestamp,"['target_0', 'target_1', 'target_10', 'target_11', 'target_12', 'target_13', 'target_14', 'target_15', 'target_16', 'target_17', 'target_18', 'target_19', 'target_2', 'target_20', 'target_3', 'target_4', 'target_5', 'target_6', 'target_7', 'target_8', 'target_9']",,[],[],[],jena_weather_1H,0.4369650957,0.0,4196.269005422,420,75bfd3b5994a5acf,False,0.8.0,0.4369650957,0.5091821928,0.9374861897,0.8256929906,,"{""model"": ""auto_arima"", ""max_season_length"": 100}",f323f6c
AutoARIMA,statsforecast,autogluon/fev_datasets,kdd_cup_2022_10T,288,10,-2880,288,1,,144,SQL,"['MASE', {'name': 'WAPE', 'epsilon': 1.0}, {'name': 'WQL', 'epsilon': 1.0}]","[0.1, 0.2, 0.3, 0.4, 0.5, 0.6, 0.7, 0.8, 0.9]",id,timestamp,Patv,,[],"['Etmp', 'Itmp', 'Ndir', 'Pab1', 'Pab2', 'Pab3', 'Prtv', 'Wdir', 'Wspd']",[],kdd_cup_2022_10T,0.7400410128,0.0,160.966077706,1340,9b41e743d33077cd,False,0.8.0,0.7400410128,0.8070701330000001,2.1490854622,2.4275642145000003,,"{""model"": ""auto_arima"", ""max_season_length"": 100}",f323f6c
AutoARIMA,statsforecast,autogluon/fev_datasets,kdd_cup_2022_1D,14,10,-140,14,1,,1,SQL,"['MASE', {'name': 'WAPE', 'epsilon': 1.0}, {'name': 'WQL', 'epsilon': 1.0}]","[0.1, 0.2, 0.3, 0.4, 0.5, 0.6, 0.7, 0.8, 0.9]",id,timestamp,Patv,,[],"['Etmp', 'Itmp', 'Ndir', 'Pab1', 'Pab2', 'Pab3', 'Prtv', 'Wdir', 'Wspd']",[],kdd_cup_2022_1D,0.7200476657,0.0,127.165940439,1340,53e3bfa3689aa2d7,False,0.8.0,0.7200476657,0.9552154502,0.7844091744,0.5843812531,,"{""model"": ""auto_arima"", ""max_season_length"": 100}",f323f6c
AutoARIMA,statsforecast,autogluon/fev_datasets,kdd_cup_2022_30T,96,10,-960,96,1,,48,SQL,"['MASE', {'name': 'WAPE', 'epsilon': 1.0}, {'name': 'WQL', 'epsilon': 1.0}]","[0.1, 0.2, 0.3, 0.4, 0.5, 0.6, 0.7, 0.8, 0.9]",id,timestamp,Patv,,[],"['Etmp', 'Itmp', 'Ndir', 'Pab1', 'Pab2', 'Pab3', 'Prtv', 'Wdir', 'Wspd']",[],kdd_cup_2022_30T,0.6406027351,0.0,17183.359584855,1340,f73b55a07564deaa,False,0.8.0,0.6406027351,0.77066581,2.5791021542,2.185096759,,"{""model"": ""auto_arima"", ""max_season_length"": 100}",f323f6c
AutoARIMA,statsforecast,autogluon/fev_datasets,m5_1D,28,1,-28,28,1,,7,SQL,"['MASE', {'name': 'WAPE', 'epsilon': 1.0}, {'name': 'WQL', 'epsilon': 1.0}]","[0.1, 0.2, 0.3, 0.4, 0.5, 0.6, 0.7, 0.8, 0.9]",id,timestamp,target,,"['event_Cultural', 'event_National', 'event_Religious', 'event_Sporting', 'sell_price', 'snap_CA', 'snap_TX', 'snap_WI']",[],"['cat_id', 'dept_id', 'item_id', 'state_id', 'store_id']",m5_1D,0.8516619787,0.0,22075.326749136,30490,a5408e93540ec5c9,False,0.8.0,0.8516619787,1.0630838859,0.7716781566,0.611489809,,"{""model"": ""auto_arima"", ""max_season_length"": 100}",f323f6c
AutoARIMA,statsforecast,autogluon/fev_datasets,m5_1M,12,1,-12,12,6,,12,SQL,"['MASE', {'name': 'WAPE', 'epsilon': 1.0}, {'name': 'WQL', 'epsilon': 1.0}]","[0.1, 0.2, 0.3, 0.4, 0.5, 0.6, 0.7, 0.8, 0.9]",id,timestamp,target,,"['event_Cultural', 'event_National', 'event_Religious', 'event_Sporting', 'sell_price', 'snap_CA', 'snap_TX', 'snap_WI']",[],"['cat_id', 'dept_id', 'item_id', 'state_id', 'store_id']",m5_1M,1.0455375295,0.0,970.701005336,29364,b562dee8546ce598,False,0.8.0,1.0455375295,1.2131357074,0.4600670833,0.380094291,,"{""model"": ""auto_arima"", ""max_season_length"": 100}",f323f6c
AutoARIMA,statsforecast,autogluon/fev_datasets,m5_1W,13,1,-13,13,1,,1,SQL,"['MASE', {'name': 'WAPE', 'epsilon': 1.0}, {'name': 'WQL', 'epsilon': 1.0}]","[0.1, 0.2, 0.3, 0.4, 0.5, 0.6, 0.7, 0.8, 0.9]",id,timestamp,target,,"['event_Cultural', 'event_National', 'event_Religious', 'event_Sporting', 'sell_price', 'snap_CA', 'snap_TX', 'snap_WI']",[],"['cat_id', 'dept_id', 'item_id', 'state_id', 'store_id']",m5_1W,0.9366737298,0.0,927.388530343,30490,0c7d59ea6d50dbdf,False,0.8.0,0.9366737298,1.156762035,0.4387526054,0.3580006782,,"{""model"": ""auto_arima"", ""max_season_length"": 100}",f323f6c
AutoARIMA,statsforecast,autogluon/fev_datasets,proenfo_gfc12,168,10,-1680,168,1,,24,SQL,"['MASE', {'name': 'WAPE', 'epsilon': 1.0}, {'name': 'WQL', 'epsilon': 1.0}]","[0.1, 0.2, 0.3, 0.4, 0.5, 0.6, 0.7, 0.8, 0.9]",id,timestamp,target,,['airtemperature'],[],[],proenfo_gfc12,1.1408344717,0.0,1212.810406395,110,b9d66f77d6db1337,False,0.8.0,1.1408344717,1.3848285633,0.1193260876,0.0987456528,,"{""model"": ""auto_arima"", ""max_season_length"": 100}",f323f6c
AutoARIMA,statsforecast,autogluon/fev_datasets,proenfo_gfc14,168,20,-3360,168,1,,24,SQL,"['MASE', {'name': 'WAPE', 'epsilon': 1.0}, {'name': 'WQL', 'epsilon': 1.0}]","[0.1, 0.2, 0.3, 0.4, 0.5, 0.6, 0.7, 0.8, 0.9]",id,timestamp,target,,['airtemperature'],[],[],proenfo_gfc14,0.9471264481,0.0,1742.479705593,20,a2f90b2f1ba52e38,False,0.8.0,0.9471264481,1.1681324983,0.0571345765,0.0464290142,,"{""model"": ""auto_arima"", ""max_season_length"": 100}",f323f6c
AutoARIMA,statsforecast,autogluon/fev_datasets,proenfo_gfc17,168,20,-3360,168,1,,24,SQL,"['MASE', {'name': 'WAPE', 'epsilon': 1.0}, {'name': 'WQL', 'epsilon': 1.0}]","[0.1, 0.2, 0.3, 0.4, 0.5, 0.6, 0.7, 0.8, 0.9]",id,timestamp,target,,['airtemperature'],[],[],proenfo_gfc17,1.1149783953,0.0,3573.844639921,160,eba07ba0bb45e5dc,False,0.8.0,1.1149783953,1.3821477157,0.0943354609,0.0761960672,,"{""model"": ""auto_arima"", ""max_season_length"": 100}",f323f6c
AutoARIMA,statsforecast,autogluon/fev_datasets,redset_1H,24,10,-240,24,1,,24,SQL,"['MASE', {'name': 'WAPE', 'epsilon': 1.0}, {'name': 'WQL', 'epsilon': 1.0}]","[0.1, 0.2, 0.3, 0.4, 0.5, 0.6, 0.7, 0.8, 0.9]",id,timestamp,target,,[],[],['subset'],redset_1H,1.8772582274,0.0,10324.247428887,1380,f7cbb47cb5f76ea7,False,0.8.0,1.8772582274,1.8532418573,0.3273749282,0.347358315,,"{""model"": ""auto_arima"", ""max_season_length"": 100}",f323f6c
AutoARIMA,statsforecast,autogluon/fev_datasets,redset_5T,288,10,-2880,288,1,,288,SQL,"['MASE', {'name': 'WAPE', 'epsilon': 1.0}, {'name': 'WQL', 'epsilon': 1.0}]","[0.1, 0.2, 0.3, 0.4, 0.5, 0.6, 0.7, 0.8, 0.9]",id,timestamp,target,,[],[],['subset'],redset_5T,1.9052087714,0.0,120.324015271,1180,b9a12aeba2af7192,False,0.8.0,1.9052087714,2.0719155509,0.6915958771,0.6814341656,,"{""model"": ""auto_arima"", ""max_season_length"": 100}",f323f6c
AutoARIMA,statsforecast,autogluon/fev_datasets,restaurant,28,8,-224,28,1,,7,SQL,"['MASE', {'name': 'WAPE', 'epsilon': 1.0}, {'name': 'WQL', 'epsilon': 1.0}]","[0.1, 0.2, 0.3, 0.4, 0.5, 0.6, 0.7, 0.8, 0.9]",id,timestamp,target,,[],[],"['air_area_name', 'air_genre_name', 'latitude', 'longitude']",restaurant,0.7558027764,0.0,1149.75557486,6502,5af240c09db342cf,False,0.8.0,0.7558027764,0.9400606673,0.3996725635,0.3174475777,,"{""model"": ""auto_arima"", ""max_season_length"": 100}",f323f6c
AutoARIMA,statsforecast,autogluon/fev_datasets,rohlik_orders_1D,61,5,2023-05-01T00:00:00,61,1,,7,SQL,"['MASE', {'name': 'WAPE', 'epsilon': 1.0}, {'name': 'WQL', 'epsilon': 1.0}]","[0.1, 0.2, 0.3, 0.4, 0.5, 0.6, 0.7, 0.8, 0.9]",id,timestamp,orders,,"['holiday', 'school_holidays', 'shops_closed', 'winter_school_holidays']","['blackout', 'frankfurt_shutdown', 'mini_shutdown', 'mov_change', 'precipitation', 'shutdown', 'snow', 'user_activity_1', 'user_activity_2']",[],rohlik_orders_1D,1.2661753776,0.0,67.447984985,35,743d7d85eea679ed,False,0.8.0,1.2661753776,1.5623634237,0.0740682063,0.0603755941,,"{""model"": ""auto_arima"", ""max_season_length"": 100}",f323f6c
AutoARIMA,statsforecast,autogluon/fev_datasets,rohlik_orders_1W,8,5,2023-05-01T00:00:00,8,1,,1,SQL,"['MASE', {'name': 'WAPE', 'epsilon': 1.0}, {'name': 'WQL', 'epsilon': 1.0}]","[0.1, 0.2, 0.3, 0.4, 0.5, 0.6, 0.7, 0.8, 0.9]",id,timestamp,orders,,"['holiday', 'school_holidays', 'shops_closed', 'winter_school_holidays']","['blackout', 'frankfurt_shutdown', 'mini_shutdown', 'mov_change', 'precipitation', 'shutdown', 'snow', 'user_activity_1', 'user_activity_2']",[],rohlik_orders_1W,1.4146777192,0.0,2.711215171,35,18a03d658590ecd3,False,0.8.0,1.4146777192,1.7324467257,0.0584325348,0.0471291762,,"{""model"": ""auto_arima"", ""max_season_length"": 100}",f323f6c
AutoARIMA,statsforecast,autogluon/fev_datasets,rohlik_sales_1D,14,1,2023-12-15T00:00:00,14,14,,7,SQL,"['MASE', {'name': 'WAPE', 'epsilon': 1.0}, {'name': 'WQL', 'epsilon': 1.0}]","[0.1, 0.2, 0.3, 0.4, 0.5, 0.6, 0.7, 0.8, 0.9]",id,timestamp,sales,,"['holiday', 'school_holidays', 'sell_price_main', 'shops_closed', 'total_orders', 'type_0_discount', 'type_1_discount', 'type_2_discount', 'type_3_discount', 'type_4_discount', 'type_5_discount', 'type_6_discount', 'winter_school_holidays']",['availability'],"['L1_category_name_en', 'L2_category_name_en', 'L3_category_name_en', 'L4_category_name_en', 'name', 'product_unique_id', 'warehouse']",rohlik_sales_1D,1.2758180739,0.0,2988.508280829,4116,bdd7a282f9fc98e5,False,0.8.0,1.2758180739,1.5092369133,0.409460395,0.3459201995,,"{""model"": ""auto_arima"", ""max_season_length"": 100}",f323f6c
AutoARIMA,statsforecast,autogluon/fev_datasets,rohlik_sales_1W,8,1,2023-12-15T00:00:00,8,8,,1,SQL,"['MASE', {'name': 'WAPE', 'epsilon': 1.0}, {'name': 'WQL', 'epsilon': 1.0}]","[0.1, 0.2, 0.3, 0.4, 0.5, 0.6, 0.7, 0.8, 0.9]",id,timestamp,sales,,"['holiday', 'school_holidays', 'sell_price_main', 'shops_closed', 'total_orders', 'type_0_discount', 'type_1_discount', 'type_2_discount', 'type_3_discount', 'type_4_discount', 'type_5_discount', 'type_6_discount', 'winter_school_holidays']",['availability'],"['L1_category_name_en', 'L2_category_name_en', 'L3_category_name_en', 'L4_category_name_en', 'name', 'product_unique_id', 'warehouse']",rohlik_sales_1W,1.8024970974,0.0,103.072675812,3942,a1817f8223c08fb5,False,0.8.0,1.8024970974,2.0378537438,0.3070147703,0.2670259076,,"{""model"": ""auto_arima"", ""max_season_length"": 100}",f323f6c
AutoARIMA,statsforecast,autogluon/fev_datasets,rossmann_1D,48,10,-480,48,1,,7,SQL,"['MASE', {'name': 'WAPE', 'epsilon': 1.0}, {'name': 'WQL', 'epsilon': 1.0}]","[0.1, 0.2, 0.3, 0.4, 0.5, 0.6, 0.7, 0.8, 0.9]",id,timestamp,Sales,,"['DayOfWeek', 'Open', 'Promo', 'SchoolHoliday', 'StateHoliday']",['Customers'],"['Assortment', 'CompetitionDistance', 'CompetitionOpenSinceMonth', 'CompetitionOpenSinceYear', 'Promo2', 'Promo2SinceWeek', 'Promo2SinceYear', 'PromoInterval', 'Store', 'StoreType']",rossmann_1D,0.561928337,0.0,10606.842979076,11150,8441c9ccbe2ff4d1,False,0.8.0,0.561928337,0.6544020781000001,0.2223706764,0.1908416644,,"{""model"": ""auto_arima"", ""max_season_length"": 100}",f323f6c
AutoARIMA,statsforecast,autogluon/fev_datasets,rossmann_1W,13,8,-104,13,1,,1,SQL,"['MASE', {'name': 'WAPE', 'epsilon': 1.0}, {'name': 'WQL', 'epsilon': 1.0}]","[0.1, 0.2, 0.3, 0.4, 0.5, 0.6, 0.7, 0.8, 0.9]",id,timestamp,Sales,,"['Open', 'Promo', 'SchoolHoliday', 'StateHoliday']",['Customers'],"['Assortment', 'CompetitionDistance', 'CompetitionOpenSinceMonth', 'CompetitionOpenSinceYear', 'Promo2', 'Promo2SinceWeek', 'Promo2SinceYear', 'PromoInterval', 'Store', 'StoreType']",rossmann_1W,0.5212168044000001,0.0,286.164162219,8920,e18c12f0c75cf8c0,False,0.8.0,0.5212168044000001,0.6688824184000001,0.1835633251,0.1410069966,,"{""model"": ""auto_arima"", ""max_season_length"": 100}",f323f6c
AutoARIMA,statsforecast,autogluon/fev_datasets,solar_1D,28,10,-280,28,1,,1,SQL,"['MASE', {'name': 'WAPE', 'epsilon': 1.0}, {'name': 'WQL', 'epsilon': 1.0}]","[0.1, 0.2, 0.3, 0.4, 0.5, 0.6, 0.7, 0.8, 0.9]",id,timestamp,target,,[],[],[],solar_1D,0.6575818018,0.0,114.567930625,1370,61a16072f577b902,False,0.8.0,0.6575818018,0.8072395912,0.2527682421,0.2053532934,,"{""model"": ""auto_arima"", ""max_season_length"": 100}",f323f6c
AutoARIMA,statsforecast,autogluon/fev_datasets,solar_1W,13,1,-13,13,1,,1,SQL,"['MASE', {'name': 'WAPE', 'epsilon': 1.0}, {'name': 'WQL', 'epsilon': 1.0}]","[0.1, 0.2, 0.3, 0.4, 0.5, 0.6, 0.7, 0.8, 0.9]",id,timestamp,target,,[],[],[],solar_1W,1.2798883226,0.0,2.903932513,137,b957c1ccfd8bdefc,False,0.8.0,1.2798883226,1.7335090304,0.2914025463,0.2154878912,,"{""model"": ""auto_arima"", ""max_season_length"": 100}",f323f6c
AutoARIMA,statsforecast,autogluon/fev_datasets,solar_with_weather_15T,96,20,-1920,96,1,,96,SQL,"['MASE', {'name': 'WAPE', 'epsilon': 1.0}, {'name': 'WQL', 'epsilon': 1.0}]","[0.1, 0.2, 0.3, 0.4, 0.5, 0.6, 0.7, 0.8, 0.9]",id,timestamp,target,,"['day_length', 'humidity', 'pressure', 'rain_1h', 'snow_1h', 'temp', 'wind_speed']","['clouds_all', 'global_horizontal_irradiance']",[],solar_with_weather_15T,1.3465680256,0.0,38742.613302899,20,52351e76b7090ab1,False,0.8.0,1.3465680256,1.4435910863,1.501379547,1.4027522601,,"{""model"": ""auto_arima"", ""max_season_length"": 100}",f323f6c
AutoARIMA,statsforecast,autogluon/fev_datasets,solar_with_weather_1H,24,20,-480,24,1,,24,SQL,"['MASE', {'name': 'WAPE', 'epsilon': 1.0}, {'name': 'WQL', 'epsilon': 1.0}]","[0.1, 0.2, 0.3, 0.4, 0.5, 0.6, 0.7, 0.8, 0.9]",id,timestamp,target,,"['day_length', 'humidity', 'pressure', 'rain_1h', 'snow_1h', 'temp', 'wind_speed']","['clouds_all', 'global_horizontal_irradiance']",[],solar_with_weather_1H,1.1314164934,0.0,1482.865826037,20,4a140710760f779a,False,0.8.0,1.1314164934,1.1133137071,1.2902402679,1.2702665577,,"{""model"": ""auto_arima"", ""max_season_length"": 100}",f323f6c
AutoARIMA,statsforecast,autogluon/fev_datasets,uci_air_quality_1D,28,11,-308,28,1,,7,SQL,"['MASE', {'name': 'WAPE', 'epsilon': 1.0}, {'name': 'WQL', 'epsilon': 1.0}]","[0.1, 0.2, 0.3, 0.4, 0.5, 0.6, 0.7, 0.8, 0.9]",id,timestamp,"['C6H6(GT)', 'CO(GT)', 'NO2(GT)', 'NOx(GT)']",,"['AH', 'RH', 'T']",[],[],uci_air_quality_1D,1.2403312666,0.0,32.826422812,44,0d2ba39e4e4ce5f4,False,0.8.0,1.2403312666,1.5585347912,0.3229408038,0.2530270907,,"{""model"": ""auto_arima"", ""max_season_length"": 100}",f323f6c
AutoARIMA,statsforecast,autogluon/fev_datasets,uci_air_quality_1H,168,20,-3360,168,1,,24,SQL,"['MASE', {'name': 'WAPE', 'epsilon': 1.0}, {'name': 'WQL', 'epsilon': 1.0}]","[0.1, 0.2, 0.3, 0.4, 0.5, 0.6, 0.7, 0.8, 0.9]",id,timestamp,"['C6H6(GT)', 'CO(GT)', 'NO2(GT)', 'NOx(GT)']",,"['AH', 'RH', 'T']",[],[],uci_air_quality_1H,1.192376748,0.0,2944.625257942,80,62f958117014ee08,False,0.8.0,1.192376748,1.3697649924,0.451804031,0.3923535076,,"{""model"": ""auto_arima"", ""max_season_length"": 100}",f323f6c
AutoARIMA,statsforecast,autogluon/fev_datasets,uk_covid_nation_1D,28,20,-560,28,1,,1,SQL,"['MASE', {'name': 'WAPE', 'epsilon': 1.0}, {'name': 'WQL', 'epsilon': 1.0}]","[0.1, 0.2, 0.3, 0.4, 0.5, 0.6, 0.7, 0.8, 0.9]",id,timestamp,"['cumulative_admissions', 'cumulative_cases', 'cumulative_deaths']",,[],"['cumulative_vaccinated_1', 'cumulative_vaccinated_2', 'cumulative_vaccinated_3', 'hospital_cases', 'icu_ventilator_occupancy']",[],uk_covid_nation_1D/cumulative,8.6773499808,0.0,270.567497235,240,c8dff53b6fcb4695,False,0.8.0,8.6773499808,9.5597895395,0.0188173244,0.0173381483,,"{""model"": ""auto_arima"", ""max_season_length"": 100}",f323f6c
AutoARIMA,statsforecast,autogluon/fev_datasets,uk_covid_nation_1D,28,20,-560,28,1,,7,SQL,"['MASE', {'name': 'WAPE', 'epsilon': 1.0}, {'name': 'WQL', 'epsilon': 1.0}]","[0.1, 0.2, 0.3, 0.4, 0.5, 0.6, 0.7, 0.8, 0.9]",id,timestamp,"['new_admissions', 'new_cases', 'new_deaths']",,[],"['hospital_cases', 'icu_ventilator_occupancy', 'new_vaccinated_1', 'new_vaccinated_2', 'new_vaccinated_3']",[],uk_covid_nation_1D/new,3.8389323296,0.0,433.044063739,240,c8dff53b6fcb4695,False,0.8.0,3.8389323296,4.1917555948,0.4697779909,0.6717556157,,"{""model"": ""auto_arima"", ""max_season_length"": 100}",f323f6c
AutoARIMA,statsforecast,autogluon/fev_datasets,uk_covid_nation_1W,8,4,-32,8,1,,1,SQL,"['MASE', {'name': 'WAPE', 'epsilon': 1.0}, {'name': 'WQL', 'epsilon': 1.0}]","[0.1, 0.2, 0.3, 0.4, 0.5, 0.6, 0.7, 0.8, 0.9]",id,timestamp,"['cumulative_admissions', 'cumulative_cases', 'cumulative_deaths']",,[],"['cumulative_vaccinated_1', 'cumulative_vaccinated_2', 'cumulative_vaccinated_3', 'hospital_cases', 'icu_ventilator_occupancy']",[],uk_covid_nation_1W/cumulative,9.8478064038,0.0,3.367433732,48,a1bd24bd7d949574,False,0.8.0,9.8478064038,10.5120021702,0.0670678653,0.0621980203,,"{""model"": ""auto_arima"", ""max_season_length"": 100}",f323f6c
AutoARIMA,statsforecast,autogluon/fev_datasets,uk_covid_nation_1W,8,4,-32,8,1,,1,SQL,"['MASE', {'name': 'WAPE', 'epsilon': 1.0}, {'name': 'WQL', 'epsilon': 1.0}]","[0.1, 0.2, 0.3, 0.4, 0.5, 0.6, 0.7, 0.8, 0.9]",id,timestamp,"['new_admissions', 'new_cases', 'new_deaths']",,[],"['hospital_cases', 'icu_ventilator_occupancy', 'new_vaccinated_1', 'new_vaccinated_2', 'new_vaccinated_3']",[],uk_covid_nation_1W/new,12.6543213454,0.0,4.018135685,48,a1bd24bd7d949574,False,0.8.0,12.6543213454,13.5408520273,0.7762918738,0.7570660297,,"{""model"": ""auto_arima"", ""max_season_length"": 100}",f323f6c
AutoARIMA,statsforecast,autogluon/fev_datasets,uk_covid_utla_1D,28,10,-280,28,1,,7,SQL,"['MASE', {'name': 'WAPE', 'epsilon': 1.0}, {'name': 'WQL', 'epsilon': 1.0}]","[0.1, 0.2, 0.3, 0.4, 0.5, 0.6, 0.7, 0.8, 0.9]",id,timestamp,new_cases,,[],[],[],uk_covid_utla_1D/new,7.407131033,0.0,2817.652301127,2140,46f9bb53c6d05e0a,False,0.8.0,7.407131033,8.1828726531,0.6831767959,0.6134348659000001,,"{""model"": ""auto_arima"", ""max_season_length"": 100}",f323f6c
AutoARIMA,statsforecast,autogluon/fev_datasets,uk_covid_utla_1W,13,5,-65,13,1,,1,SQL,"['MASE', {'name': 'WAPE', 'epsilon': 1.0}, {'name': 'WQL', 'epsilon': 1.0}]","[0.1, 0.2, 0.3, 0.4, 0.5, 0.6, 0.7, 0.8, 0.9]",id,timestamp,cumulative_cases,,[],[],[],uk_covid_utla_1W/cumulative,13.9770561989,0.0,21.954426084,1070,c4fdce102c5b6f47,False,0.8.0,13.9770561989,15.7434113316,0.152918227,0.1351972799,,"{""model"": ""auto_arima"", ""max_season_length"": 100}",f323f6c
AutoARIMA,statsforecast,autogluon/fev_datasets,us_consumption_1M,12,10,-120,12,1,,12,SQL,"['MASE', {'name': 'WAPE', 'epsilon': 1.0}, {'name': 'WQL', 'epsilon': 1.0}]","[0.1, 0.2, 0.3, 0.4, 0.5, 0.6, 0.7, 0.8, 0.9]",id,timestamp,target,,[],[],[],us_consumption_1M,1.598443311,0.0,413.030459852,310,c882f886bec32c78,False,0.8.0,1.598443311,1.826345811,0.0266722751,0.0239150894,,"{""model"": ""auto_arima"", ""max_season_length"": 100}",f323f6c
AutoARIMA,statsforecast,autogluon/fev_datasets,us_consumption_1Q,8,10,-80,8,1,,4,SQL,"['MASE', {'name': 'WAPE', 'epsilon': 1.0}, {'name': 'WQL', 'epsilon': 1.0}]","[0.1, 0.2, 0.3, 0.4, 0.5, 0.6, 0.7, 0.8, 0.9]",id,timestamp,target,,[],[],[],us_consumption_1Q,2.0470332563,0.0,31.681732257,310,9a76cd11c4c2c07e,False,0.8.0,2.0470332563,2.3510275933,0.0334090083,0.030008464,,"{""model"": ""auto_arima"", ""max_season_length"": 100}",f323f6c
AutoARIMA,statsforecast,autogluon/fev_datasets,us_consumption_1Y,5,10,-50,5,1,,1,SQL,"['MASE', {'name': 'WAPE', 'epsilon': 1.0}, {'name': 'WQL', 'epsilon': 1.0}]","[0.1, 0.2, 0.3, 0.4, 0.5, 0.6, 0.7, 0.8, 0.9]",id,timestamp,target,,[],[],[],us_consumption_1Y,3.6882838039,0.0,9.521731719,310,d29d0d81db6393b4,False,0.8.0,3.6882838039,4.2587442258,0.0521022386,0.0428692104,,"{""model"": ""auto_arima"", ""max_season_length"": 100}",f323f6c
AutoARIMA,statsforecast,autogluon/fev_datasets,walmart,39,1,-39,39,1,,1,SQL,"['MASE', {'name': 'WAPE', 'epsilon': 1.0}, {'name': 'WQL', 'epsilon': 1.0}]","[0.1, 0.2, 0.3, 0.4, 0.5, 0.6, 0.7, 0.8, 0.9]",id,timestamp,target,,"['CPI', 'Fuel_Price', 'IsHoliday', 'MarkDown1', 'MarkDown2', 'MarkDown3', 'MarkDown4', 'MarkDown5', 'Temperature', 'Unemployment']",[],"['Dept', 'Size', 'Store', 'Type']",walmart,1.0205417722,0.0,93.66274932,2936,84f95b6543281d0d,False,0.8.0,1.0205417722,1.2473824818,0.1595971923,0.1319843981,,"{""model"": ""auto_arima"", ""max_season_length"": 100}",f323f6c
AutoARIMA,statsforecast,autogluon/fev_datasets,world_co2_emissions,5,9,-45,5,1,,1,SQL,"['MASE', {'name': 'WAPE', 'epsilon': 1.0}, {'name': 'WQL', 'epsilon': 1.0}]","[0.1, 0.2, 0.3, 0.4, 0.5, 0.6, 0.7, 0.8, 0.9]",id,timestamp,target,,[],[],[],world_co2_emissions,2.8223304045,0.0,29.7321929,1719,c78d3682201594d9,False,0.8.0,2.8223304045,3.3062345244,0.0819489658,0.0705282623,,"{""model"": ""auto_arima"", ""max_season_length"": 100}",f323f6c
AutoARIMA,statsforecast,autogluon/fev_datasets,world_life_expectancy,5,10,-50,5,1,,1,SQL,"['MASE', {'name': 'WAPE', 'epsilon': 1.0}, {'name': 'WQL', 'epsilon': 1.0}]","[0.1, 0.2, 0.3, 0.4, 0.5, 0.6, 0.7, 0.8, 0.9]",id,timestamp,target,,[],[],[],world_life_expectancy,1.2829496761,0.0,37.229138384,2370,f9ce571f4bf31401,False,0.8.0,1.2829496761,1.4974247154,0.0130623957,0.0112841979,,"{""model"": ""auto_arima"", ""max_season_length"": 100}",f323f6c
AutoARIMA,statsforecast,autogluon/fev_datasets,world_tourism,5,2,-10,5,1,,1,SQL,"['MASE', {'name': 'WAPE', 'epsilon': 1.0}, {'name': 'WQL', 'epsilon': 1.0}]","[0.1, 0.2, 0.3, 0.4, 0.5, 0.6, 0.7, 0.8, 0.9]",id,timestamp,target,,[],[],[],world_tourism,2.6184635765,0.0,5.555252461,356,dcd8469c3acc4caa,False,0.8.0,2.6184635765,3.0968725509,0.0730367348,0.0578924108,,"{""model"": ""auto_arima"", ""max_season_length"": 100}",f323f6c
