model_name,dataset_path,dataset_config,horizon,num_windows,initial_cutoff,window_step_size,min_context_length,max_context_length,seasonality,eval_metric,extra_metrics,quantile_levels,id_column,timestamp_column,target,generate_univariate_targets_from,known_dynamic_columns,past_dynamic_columns,static_columns,task_name,test_error,training_time_s,inference_time_s,dataset_fingerprint,trained_on_this_dataset,fev_version,SQL,MASE,WAPE,WQL,model_config,forward_time_s
citras-fm,autogluon/fev_datasets,proenfo_gfc12,168,10,-1680,168,1,,24,SQL,"['MASE', {'name': 'WAPE', 'epsilon': 1.0}, {'name': 'WQL', 'epsilon': 1.0}]","[0.1, 0.2, 0.3, 0.4, 0.5, 0.6, 0.7, 0.8, 0.9]",id,timestamp,target,,['airtemperature'],[],[],proenfo_gfc12,0.8304772402542266,0.0,7.172065034159459,7c9ee0786e7de9fc,False,0.6.1,0.8304772402542266,0.9769768871833284,0.086517815,0.073629607,"{'context_length': 1032, 'model_name': 'citras-fm', 'batch_size': 256, 'device': device(type='cuda', index=0), 'seed': 123}",6.153095483779907
citras-fm,autogluon/fev_datasets,proenfo_gfc14,168,20,-3360,168,1,,24,SQL,"['MASE', {'name': 'WAPE', 'epsilon': 1.0}, {'name': 'WQL', 'epsilon': 1.0}]","[0.1, 0.2, 0.3, 0.4, 0.5, 0.6, 0.7, 0.8, 0.9]",id,timestamp,target,,['airtemperature'],[],[],proenfo_gfc14,0.6096831120832706,0.0,11.006018384709025,eb4b54a1ec3114bf,False,0.6.1,0.6096831120832706,0.745386429,0.0363620174583047,0.0297309235656802,"{'context_length': 1032, 'model_name': 'citras-fm', 'batch_size': 256, 'device': device(type='cuda', index=0), 'seed': 123}",10.872106790542604
citras-fm,autogluon/fev_datasets,proenfo_gfc17,168,20,-3360,168,1,,24,SQL,"['MASE', {'name': 'WAPE', 'epsilon': 1.0}, {'name': 'WQL', 'epsilon': 1.0}]","[0.1, 0.2, 0.3, 0.4, 0.5, 0.6, 0.7, 0.8, 0.9]",id,timestamp,target,,['airtemperature'],[],[],proenfo_gfc17,0.7660734895841419,0.0,12.884138516383246,2c63b48ca8f6dd9a,False,0.6.1,0.7660734895841419,0.9189420173052976,0.061544747,0.05130469,"{'context_length': 1032, 'model_name': 'citras-fm', 'batch_size': 256, 'device': device(type='cuda', index=0), 'seed': 123}",11.972557783126833
citras-fm,autogluon/fev_datasets,rohlik_sales_1D,14,1,2023-12-15T00:00:00,14,14,,7,SQL,"['MASE', {'name': 'WAPE', 'epsilon': 1.0}, {'name': 'WQL', 'epsilon': 1.0}]","[0.1, 0.2, 0.3, 0.4, 0.5, 0.6, 0.7, 0.8, 0.9]",id,timestamp,sales,,"['holiday', 'school_holidays', 'sell_price_main', 'shops_closed', 'total_orders', 'type_0_discount', 'type_1_discount', 'type_2_discount', 'type_3_discount', 'type_4_discount', 'type_5_discount', 'type_6_discount', 'winter_school_holidays']",['availability'],"['L1_category_name_en', 'L2_category_name_en', 'L3_category_name_en', 'L4_category_name_en', 'name', 'product_unique_id', 'warehouse']",rohlik_sales_1D,1.1687648024904465,0.0,17.159548065974377,c475daf9af96ed16,False,0.6.1,1.1687648024904465,1.422752481006277,0.3898691833019256,0.3191151897770108,"{'context_length': 1032, 'model_name': 'citras-fm', 'batch_size': 256, 'device': device(type='cuda', index=0), 'seed': 123}",5.701333284378052
citras-fm,autogluon/fev_datasets,rohlik_orders_1D,61,5,2023-05-01T00:00:00,61,1,,7,SQL,"['MASE', {'name': 'WAPE', 'epsilon': 1.0}, {'name': 'WQL', 'epsilon': 1.0}]","[0.1, 0.2, 0.3, 0.4, 0.5, 0.6, 0.7, 0.8, 0.9]",id,timestamp,orders,,"['holiday', 'school_holidays', 'shops_closed', 'winter_school_holidays']","['blackout', 'frankfurt_shutdown', 'mini_shutdown', 'mov_change', 'precipitation', 'shutdown', 'snow', 'user_activity_1', 'user_activity_2']",[],rohlik_orders_1D,1.034702106190723,0.0,2.256840302841738,1774b84125cff789,False,0.6.1,1.034702106190723,1.263417574427374,0.0591536335647106,0.0485478709347659,"{'context_length': 1032, 'model_name': 'citras-fm', 'batch_size': 256, 'device': device(type='cuda', index=0), 'seed': 123}",2.119631052017212
citras-fm,autogluon/fev_datasets,rohlik_sales_1W,8,1,2023-12-15T00:00:00,8,8,,1,SQL,"['MASE', {'name': 'WAPE', 'epsilon': 1.0}, {'name': 'WQL', 'epsilon': 1.0}]","[0.1, 0.2, 0.3, 0.4, 0.5, 0.6, 0.7, 0.8, 0.9]",id,timestamp,sales,,"['holiday', 'school_holidays', 'sell_price_main', 'shops_closed', 'total_orders', 'type_0_discount', 'type_1_discount', 'type_2_discount', 'type_3_discount', 'type_4_discount', 'type_5_discount', 'type_6_discount', 'winter_school_holidays']",['availability'],"['L1_category_name_en', 'L2_category_name_en', 'L3_category_name_en', 'L4_category_name_en', 'name', 'product_unique_id', 'warehouse']",rohlik_sales_1W,1.3992701086790116,0.0,10.98845424,09041d7a8a29c83f,False,0.6.1,1.3992701086790116,1.7055600833000368,0.2598514258861542,0.2136887716787791,"{'context_length': 1032, 'model_name': 'citras-fm', 'batch_size': 256, 'device': device(type='cuda', index=0), 'seed': 123}",1.3793575763702393
citras-fm,autogluon/fev_datasets,rohlik_orders_1W,8,5,2023-05-01T00:00:00,8,1,,1,SQL,"['MASE', {'name': 'WAPE', 'epsilon': 1.0}, {'name': 'WQL', 'epsilon': 1.0}]","[0.1, 0.2, 0.3, 0.4, 0.5, 0.6, 0.7, 0.8, 0.9]",id,timestamp,orders,,"['holiday', 'school_holidays', 'shops_closed', 'winter_school_holidays']","['blackout', 'frankfurt_shutdown', 'mini_shutdown', 'mov_change', 'precipitation', 'shutdown', 'snow', 'user_activity_1', 'user_activity_2']",[],rohlik_orders_1W,1.4815417817629155,0.0,0.3099981698906049,bbb0372c6d5883ab,False,0.6.1,1.4815417817629155,1.82768783,0.059370016,0.0481245669182812,"{'context_length': 1032, 'model_name': 'citras-fm', 'batch_size': 256, 'device': device(type='cuda', index=0), 'seed': 123}",0.1795957088470459
citras-fm,autogluon/fev_datasets,entsoe_15T,96,20,-1920,96,1,,96,SQL,"['MASE', {'name': 'WAPE', 'epsilon': 1.0}, {'name': 'WQL', 'epsilon': 1.0}]","[0.1, 0.2, 0.3, 0.4, 0.5, 0.6, 0.7, 0.8, 0.9]",id,timestamp,target,,"['radiation_diffuse_horizontal', 'radiation_direct_horizontal', 'temperature']",[],[],entsoe_15T,0.491723576330322,0.0,10.949682809063232,4e80c208c8b54e76,False,0.6.1,0.491723576330322,0.6043646408848564,0.040157807,0.0324571116175732,"{'context_length': 1032, 'model_name': 'citras-fm', 'batch_size': 256, 'device': device(type='cuda', index=0), 'seed': 123}",6.803402423858643
citras-fm,autogluon/fev_datasets,entsoe_30T,96,20,-1920,96,1,,48,SQL,"['MASE', {'name': 'WAPE', 'epsilon': 1.0}, {'name': 'WQL', 'epsilon': 1.0}]","[0.1, 0.2, 0.3, 0.4, 0.5, 0.6, 0.7, 0.8, 0.9]",id,timestamp,target,,"['radiation_diffuse_horizontal', 'radiation_direct_horizontal', 'temperature']",[],[],entsoe_30T,0.5324082856718012,0.0,8.933570303954184,7a3623a47fa39853,False,0.6.1,0.5324082856718012,0.6462294849047346,0.039940982,0.032983912,"{'context_length': 1032, 'model_name': 'citras-fm', 'batch_size': 256, 'device': device(type='cuda', index=0), 'seed': 123}",6.714703321456909
citras-fm,autogluon/fev_datasets,entsoe_1H,168,20,-3360,168,1,,24,SQL,"['MASE', {'name': 'WAPE', 'epsilon': 1.0}, {'name': 'WQL', 'epsilon': 1.0}]","[0.1, 0.2, 0.3, 0.4, 0.5, 0.6, 0.7, 0.8, 0.9]",id,timestamp,target,,"['radiation_diffuse_horizontal', 'radiation_direct_horizontal', 'temperature']",[],[],entsoe_1H,0.4753783490017622,0.0,15.14615251775831,a900217b9207dc1a,False,0.6.1,0.4753783490017622,0.565084488,0.034928305,0.0295101891685257,"{'context_length': 1032, 'model_name': 'citras-fm', 'batch_size': 256, 'device': device(type='cuda', index=0), 'seed': 123}",13.88121747970581
citras-fm,autogluon/fev_datasets,epf_be,24,20,-480,24,1,,24,SQL,"['MASE', {'name': 'WAPE', 'epsilon': 1.0}, {'name': 'WQL', 'epsilon': 1.0}]","[0.1, 0.2, 0.3, 0.4, 0.5, 0.6, 0.7, 0.8, 0.9]",id,timestamp,target,,"['Generation forecast', 'System load forecast']",[],[],epf_be,0.5053587681642974,0.0,2.3842326547019184,fef9300bbbbc0b06,False,0.6.1,0.5053587681642974,0.6266718033132894,0.1138261450454592,0.091655865,"{'context_length': 1032, 'model_name': 'citras-fm', 'batch_size': 256, 'device': device(type='cuda', index=0), 'seed': 123}",2.0710344314575195
citras-fm,autogluon/fev_datasets,epf_de,24,20,-480,24,1,,24,SQL,"['MASE', {'name': 'WAPE', 'epsilon': 1.0}, {'name': 'WQL', 'epsilon': 1.0}]","[0.1, 0.2, 0.3, 0.4, 0.5, 0.6, 0.7, 0.8, 0.9]",id,timestamp,target,,"['Ampirion Load Forecast', 'PV+Wind Forecast']",[],[],epf_de,0.641829284,0.0,2.4281080350046977,b0b822e47c7608d3,False,0.6.1,0.641829284,0.7941170656292134,0.3753619818016886,0.3025435172509976,"{'context_length': 1032, 'model_name': 'citras-fm', 'batch_size': 256, 'device': device(type='cuda', index=0), 'seed': 123}",2.1091408729553223
citras-fm,autogluon/fev_datasets,epf_fr,24,20,-480,24,1,,24,SQL,"['MASE', {'name': 'WAPE', 'epsilon': 1.0}, {'name': 'WQL', 'epsilon': 1.0}]","[0.1, 0.2, 0.3, 0.4, 0.5, 0.6, 0.7, 0.8, 0.9]",id,timestamp,target,,"['Generation forecast', 'System load forecast']",[],[],epf_fr,0.4162508064535263,0.0,2.219444345217198,8f5f11f4c654e31f,False,0.6.1,0.4162508064535263,0.516455027,0.07957595,0.06438319,"{'context_length': 1032, 'model_name': 'citras-fm', 'batch_size': 256, 'device': device(type='cuda', index=0), 'seed': 123}",1.9064280986785889
citras-fm,autogluon/fev_datasets,epf_np,24,20,-480,24,1,,24,SQL,"['MASE', {'name': 'WAPE', 'epsilon': 1.0}, {'name': 'WQL', 'epsilon': 1.0}]","[0.1, 0.2, 0.3, 0.4, 0.5, 0.6, 0.7, 0.8, 0.9]",id,timestamp,target,,"['Grid load forecast', 'Wind power forecast']",[],[],epf_np,0.775848168,0.0,2.4255906300386414,269b47960e0cd2ad,False,0.6.1,0.775848168,0.9649422555038154,0.043778507,0.035176084,"{'context_length': 1032, 'model_name': 'citras-fm', 'batch_size': 256, 'device': device(type='cuda', index=0), 'seed': 123}",2.1098787784576416
citras-fm,autogluon/fev_datasets,epf_pjm,24,20,-480,24,1,,24,SQL,"['MASE', {'name': 'WAPE', 'epsilon': 1.0}, {'name': 'WQL', 'epsilon': 1.0}]","[0.1, 0.2, 0.3, 0.4, 0.5, 0.6, 0.7, 0.8, 0.9]",id,timestamp,target,,"['System load forecast', 'Zonal COMED load foecast']",[],[],epf_pjm,0.4269814194299671,0.0,2.339216287015006,7087b94a370e1baa,False,0.6.1,0.4269814194299671,0.5446976180665436,0.095062098,0.074506095,"{'context_length': 1032, 'model_name': 'citras-fm', 'batch_size': 256, 'device': device(type='cuda', index=0), 'seed': 123}",2.014106035232544
citras-fm,autogluon/fev_datasets,rossmann_1D,48,10,-480,48,1,,7,SQL,"['MASE', {'name': 'WAPE', 'epsilon': 1.0}, {'name': 'WQL', 'epsilon': 1.0}]","[0.1, 0.2, 0.3, 0.4, 0.5, 0.6, 0.7, 0.8, 0.9]",id,timestamp,Sales,,"['DayOfWeek', 'Open', 'Promo', 'SchoolHoliday', 'StateHoliday']",['Customers'],"['Assortment', 'CompetitionDistance', 'CompetitionOpenSinceMonth', 'CompetitionOpenSinceYear', 'Promo2', 'Promo2SinceWeek', 'Promo2SinceYear', 'PromoInterval', 'Store', 'StoreType']",rossmann_1D,0.5260209800370064,0.0,78.32518034905661,29ae5d8fec87a1fd,False,0.6.1,0.5260209800370064,0.625444863,0.2131271556019783,0.1793301304348752,"{'context_length': 1032, 'model_name': 'citras-fm', 'batch_size': 256, 'device': device(type='cuda', index=0), 'seed': 123}",46.83224821090698
citras-fm,autogluon/fev_datasets,rossmann_1W,13,8,-104,13,1,,1,SQL,"['MASE', {'name': 'WAPE', 'epsilon': 1.0}, {'name': 'WQL', 'epsilon': 1.0}]","[0.1, 0.2, 0.3, 0.4, 0.5, 0.6, 0.7, 0.8, 0.9]",id,timestamp,Sales,,"['Open', 'Promo', 'SchoolHoliday', 'StateHoliday']",['Customers'],"['Assortment', 'CompetitionDistance', 'CompetitionOpenSinceMonth', 'CompetitionOpenSinceYear', 'Promo2', 'Promo2SinceWeek', 'Promo2SinceYear', 'PromoInterval', 'Store', 'StoreType']",rossmann_1W,0.4852731881062927,0.0,22.16790096904151,cfc14443664745b2,False,0.6.1,0.4852731881062927,0.6386775777025134,0.1754381321370601,0.132049053170933,"{'context_length': 1032, 'model_name': 'citras-fm', 'batch_size': 256, 'device': device(type='cuda', index=0), 'seed': 123}",1.226130723953247
citras-fm,autogluon/fev_datasets,restaurant,28,8,-224,28,1,,7,SQL,"['MASE', {'name': 'WAPE', 'epsilon': 1.0}, {'name': 'WQL', 'epsilon': 1.0}]","[0.1, 0.2, 0.3, 0.4, 0.5, 0.6, 0.7, 0.8, 0.9]",id,timestamp,target,,[],[],"['air_area_name', 'air_genre_name', 'latitude', 'longitude']",restaurant,0.6869112296408602,0.0,10.766363484086469,cc84996f184fc2f6,False,0.6.1,0.6869112296408602,0.8624061937522165,0.362074676901102,0.2852746979843229,"{'context_length': 1032, 'model_name': 'citras-fm', 'batch_size': 256, 'device': device(type='cuda', index=0), 'seed': 123}",4.083821535110474
citras-fm,autogluon/fev_datasets,hermes,52,1,-52,52,1,,1,SQL,"['MASE', {'name': 'WAPE', 'epsilon': 1.0}, {'name': 'WQL', 'epsilon': 1.0}]","[0.1, 0.2, 0.3, 0.4, 0.5, 0.6, 0.7, 0.8, 0.9]",id,timestamp,target,,['external'],[],"['category', 'country']",hermes,0.6465554489907451,0.0,28.73550531000365,e1d9809dc251e19b,False,0.6.1,0.6465554489907451,0.8222926795723969,0.003069935,0.002408262,"{'context_length': 1032, 'model_name': 'citras-fm', 'batch_size': 256, 'device': device(type='cuda', index=0), 'seed': 123}",10.950671672821043
citras-fm,autogluon/fev_datasets,walmart,39,1,-39,39,1,,1,SQL,"['MASE', {'name': 'WAPE', 'epsilon': 1.0}, {'name': 'WQL', 'epsilon': 1.0}]","[0.1, 0.2, 0.3, 0.4, 0.5, 0.6, 0.7, 0.8, 0.9]",id,timestamp,target,,"['CPI', 'Fuel_Price', 'IsHoliday', 'MarkDown1', 'MarkDown2', 'MarkDown3', 'MarkDown4', 'MarkDown5', 'Temperature', 'Unemployment']",[],"['Dept', 'Size', 'Store', 'Type']",walmart,0.7529510436826364,0.0,9.65677590901032,c55b4fd4c5773129,False,0.6.1,0.7529510436826364,0.9551744277523384,0.1134409978985786,0.089208022,"{'context_length': 1032, 'model_name': 'citras-fm', 'batch_size': 256, 'device': device(type='cuda', index=0), 'seed': 123}",4.049248695373535
citras-fm,autogluon/fev_datasets,m5_1D,28,1,-28,28,1,,7,SQL,"['MASE', {'name': 'WAPE', 'epsilon': 1.0}, {'name': 'WQL', 'epsilon': 1.0}]","[0.1, 0.2, 0.3, 0.4, 0.5, 0.6, 0.7, 0.8, 0.9]",id,timestamp,target,,"['event_Cultural', 'event_National', 'event_Religious', 'event_Sporting', 'sell_price', 'snap_CA', 'snap_TX', 'snap_WI']",[],"['cat_id', 'dept_id', 'item_id', 'state_id', 'store_id']",m5_1D,0.736743588,0.0,294.6041424,6a59fc844b2175f7,False,0.6.1,0.736743588,0.8945140765533278,0.7149345278739929,0.5648300489501039,"{'context_length': 1032, 'model_name': 'citras-fm', 'batch_size': 256, 'device': device(type='cuda', index=0), 'seed': 123}",223.21009349823
citras-fm,autogluon/fev_datasets,m5_1W,13,1,-13,13,1,,1,SQL,"['MASE', {'name': 'WAPE', 'epsilon': 1.0}, {'name': 'WQL', 'epsilon': 1.0}]","[0.1, 0.2, 0.3, 0.4, 0.5, 0.6, 0.7, 0.8, 0.9]",id,timestamp,target,,"['event_Cultural', 'event_National', 'event_Religious', 'event_Sporting', 'sell_price', 'snap_CA', 'snap_TX', 'snap_WI']",[],"['cat_id', 'dept_id', 'item_id', 'state_id', 'store_id']",m5_1W,0.9034858220415304,0.0,65.8124349,8d7cc2396f52bcbc,False,0.6.1,0.9034858220415304,1.1485115608935603,0.4324602484703064,0.3383157235375967,"{'context_length': 1032, 'model_name': 'citras-fm', 'batch_size': 256, 'device': device(type='cuda', index=0), 'seed': 123}",9.954493761062622
citras-fm,autogluon/fev_datasets,m5_1M,12,1,-12,12,6,,12,SQL,"['MASE', {'name': 'WAPE', 'epsilon': 1.0}, {'name': 'WQL', 'epsilon': 1.0}]","[0.1, 0.2, 0.3, 0.4, 0.5, 0.6, 0.7, 0.8, 0.9]",id,timestamp,target,,"['event_Cultural', 'event_National', 'event_Religious', 'event_Sporting', 'sell_price', 'snap_CA', 'snap_TX', 'snap_WI']",[],"['cat_id', 'dept_id', 'item_id', 'state_id', 'store_id']",m5_1M,0.986461872,0.0,56.56446951592807,5d40840afc423bdf,False,0.6.1,0.986461872,1.167419109601752,0.4297947883605957,0.3413591083938118,"{'context_length': 1032, 'model_name': 'citras-fm', 'batch_size': 256, 'device': device(type='cuda', index=0), 'seed': 123}",3.738337755203247
citras-fm,autogluon/fev_datasets,hierarchical_sales_1D,28,10,-280,28,1,,7,SQL,"['MASE', {'name': 'WAPE', 'epsilon': 1.0}, {'name': 'WQL', 'epsilon': 1.0}]","[0.1, 0.2, 0.3, 0.4, 0.5, 0.6, 0.7, 0.8, 0.9]",id,timestamp,target,,[],[],[],hierarchical_sales_1D,0.5552408120746626,0.0,3.7109828,0ecbb4076fd5ba78,False,0.6.1,0.5552408120746626,0.6897740197718181,0.6978458821773529,0.5676603822116071,"{'context_length': 1032, 'model_name': 'citras-fm', 'batch_size': 256, 'device': device(type='cuda', index=0), 'seed': 123}",2.183547258377075
citras-fm,autogluon/fev_datasets,hierarchical_sales_1W,13,10,-130,13,1,,1,SQL,"['MASE', {'name': 'WAPE', 'epsilon': 1.0}, {'name': 'WQL', 'epsilon': 1.0}]","[0.1, 0.2, 0.3, 0.4, 0.5, 0.6, 0.7, 0.8, 0.9]",id,timestamp,target,,[],[],[],hierarchical_sales_1W,0.622957962,0.0,1.4341062270104885,691bd281f0ad7adc,False,0.6.1,0.622957962,0.7593217293802705,0.4339944511651993,0.3688751656463698,"{'context_length': 1032, 'model_name': 'citras-fm', 'batch_size': 256, 'device': device(type='cuda', index=0), 'seed': 123}",0.3842756748199463
citras-fm,autogluon/fev_datasets,favorita_stores_1D,28,10,-280,28,1,,7,SQL,"['MASE', {'name': 'WAPE', 'epsilon': 1.0}, {'name': 'WQL', 'epsilon': 1.0}]","[0.1, 0.2, 0.3, 0.4, 0.5, 0.6, 0.7, 0.8, 0.9]",id,timestamp,sales,,"['holiday', 'onpromotion']",['oil_price'],"['city', 'cluster', 'family', 'state', 'store_nbr', 'type']",favorita_stores_1D,1.0041087992870763,0.0,112.16052460798528,7c6ded4c862d08bd,False,0.6.1,1.0041087992870763,1.2364241436735808,0.1672702565789222,0.1366714831005482,"{'context_length': 1032, 'model_name': 'citras-fm', 'batch_size': 256, 'device': device(type='cuda', index=0), 'seed': 123}",61.31933403015137
citras-fm,autogluon/fev_datasets,favorita_stores_1W,13,10,-130,13,1,,1,SQL,"['MASE', {'name': 'WAPE', 'epsilon': 1.0}, {'name': 'WQL', 'epsilon': 1.0}]","[0.1, 0.2, 0.3, 0.4, 0.5, 0.6, 0.7, 0.8, 0.9]",id,timestamp,sales,,['onpromotion'],['oil_price'],"['city', 'cluster', 'family', 'state', 'store_nbr', 'type']",favorita_stores_1W,2.0234463707656496,0.0,39.74366781779099,1cf7145738b8996c,False,0.6.1,2.0234463707656496,2.399906633162775,0.1327817104756832,0.1090090717682276,"{'context_length': 1032, 'model_name': 'citras-fm', 'batch_size': 256, 'device': device(type='cuda', index=0), 'seed': 123}",2.653983354568481
citras-fm,autogluon/fev_datasets,favorita_stores_1M,12,2,-24,12,1,,12,SQL,"['MASE', {'name': 'WAPE', 'epsilon': 1.0}, {'name': 'WQL', 'epsilon': 1.0}]","[0.1, 0.2, 0.3, 0.4, 0.5, 0.6, 0.7, 0.8, 0.9]",id,timestamp,sales,,['onpromotion'],['oil_price'],"['city', 'cluster', 'family', 'state', 'store_nbr', 'type']",favorita_stores_1M,1.841755713884215,0.0,7.326482823002152,90adf27f0175f9ae,False,0.6.1,1.841755713884215,2.1478743134036558,0.1768015399575233,0.134550828215653,"{'context_length': 1032, 'model_name': 'citras-fm', 'batch_size': 256, 'device': device(type='cuda', index=0), 'seed': 123}",0.3952431678771972
citras-fm,autogluon/fev_datasets,favorita_transactions_1D,28,10,-280,28,1,,7,SQL,"['MASE', {'name': 'WAPE', 'epsilon': 1.0}, {'name': 'WQL', 'epsilon': 1.0}]","[0.1, 0.2, 0.3, 0.4, 0.5, 0.6, 0.7, 0.8, 0.9]",id,timestamp,transactions,,['holiday'],['oil_price'],"['city', 'cluster', 'state', 'store_nbr', 'type']",favorita_transactions_1D,1.2702790211801689,0.0,4.684710100991651,93e47f4edb5bcbe1,False,0.6.1,1.2702790211801689,1.4792351736280978,0.091998886,0.076640723,"{'context_length': 1032, 'model_name': 'citras-fm', 'batch_size': 256, 'device': device(type='cuda', index=0), 'seed': 123}",3.098668336868286
citras-fm,autogluon/fev_datasets,favorita_transactions_1W,13,10,-130,13,1,,1,SQL,"['MASE', {'name': 'WAPE', 'epsilon': 1.0}, {'name': 'WQL', 'epsilon': 1.0}]","[0.1, 0.2, 0.3, 0.4, 0.5, 0.6, 0.7, 0.8, 0.9]",id,timestamp,transactions,,[],['oil_price'],"['city', 'cluster', 'state', 'store_nbr', 'type']",favorita_transactions_1W,1.6445570255518862,0.0,1.1756383017636836,19b5577b63233e9d,False,0.6.1,1.6445570255518862,2.064762486225089,0.067616656,0.056355939,"{'context_length': 1032, 'model_name': 'citras-fm', 'batch_size': 256, 'device': device(type='cuda', index=0), 'seed': 123}",0.3207895755767822
citras-fm,autogluon/fev_datasets,favorita_transactions_1M,12,2,-24,12,1,,12,SQL,"['MASE', {'name': 'WAPE', 'epsilon': 1.0}, {'name': 'WQL', 'epsilon': 1.0}]","[0.1, 0.2, 0.3, 0.4, 0.5, 0.6, 0.7, 0.8, 0.9]",id,timestamp,transactions,,[],['oil_price'],"['city', 'cluster', 'state', 'store_nbr', 'type']",favorita_transactions_1M,1.1079080447466214,0.0,0.2377462399890646,6f7b1122146e5d93,False,0.6.1,1.1079080447466214,1.409558750682126,0.08904193,0.073175635,"{'context_length': 1032, 'model_name': 'citras-fm', 'batch_size': 256, 'device': device(type='cuda', index=0), 'seed': 123}",0.055194616
citras-fm,autogluon/fev_datasets,solar_with_weather_15T,96,20,-1920,96,1,,96,SQL,"['MASE', {'name': 'WAPE', 'epsilon': 1.0}, {'name': 'WQL', 'epsilon': 1.0}]","[0.1, 0.2, 0.3, 0.4, 0.5, 0.6, 0.7, 0.8, 0.9]",id,timestamp,target,,"['day_length', 'humidity', 'pressure', 'rain_1h', 'snow_1h', 'temp', 'wind_speed']","['clouds_all', 'global_horizontal_irradiance']",[],solar_with_weather_15T,0.9206728820357772,0.0,10.152411857969128,0b6d5a3c52af6282,False,0.6.1,0.9206728820357772,1.1032117393366636,1.1578197088092566,1.0133708498383496,"{'context_length': 1032, 'model_name': 'citras-fm', 'batch_size': 256, 'device': device(type='cuda', index=0), 'seed': 123}",9.025972843170166
citras-fm,autogluon/fev_datasets,solar_with_weather_1H,24,20,-480,24,1,,24,SQL,"['MASE', {'name': 'WAPE', 'epsilon': 1.0}, {'name': 'WQL', 'epsilon': 1.0}]","[0.1, 0.2, 0.3, 0.4, 0.5, 0.6, 0.7, 0.8, 0.9]",id,timestamp,target,,"['day_length', 'humidity', 'pressure', 'rain_1h', 'snow_1h', 'temp', 'wind_speed']","['clouds_all', 'global_horizontal_irradiance']",[],solar_with_weather_1H,0.7972648725265458,0.0,2.805038784164936,1ae39ff7d1aba62c,False,0.6.1,0.7972648725265458,0.9954407334173048,1.2562681440263987,1.0395352877945954,"{'context_length': 1032, 'model_name': 'citras-fm', 'batch_size': 256, 'device': device(type='cuda', index=0), 'seed': 123}",2.389836072921753
citras-fm,autogluon/fev_datasets,solar_1D,28,10,-280,28,1,,1,SQL,"['MASE', {'name': 'WAPE', 'epsilon': 1.0}, {'name': 'WQL', 'epsilon': 1.0}]","[0.1, 0.2, 0.3, 0.4, 0.5, 0.6, 0.7, 0.8, 0.9]",id,timestamp,target,,[],[],[],solar_1D,0.6180743085622447,0.0,2.245431779883802,4a9fb28f2a62f798,False,0.6.1,0.6180743085622447,0.7979409654461861,0.2496860891580581,0.1929642670551309,"{'context_length': 1032, 'model_name': 'citras-fm', 'batch_size': 256, 'device': device(type='cuda', index=0), 'seed': 123}",0.8754730224609375
citras-fm,autogluon/fev_datasets,solar_1W,13,1,-13,13,1,,1,SQL,"['MASE', {'name': 'WAPE', 'epsilon': 1.0}, {'name': 'WQL', 'epsilon': 1.0}]","[0.1, 0.2, 0.3, 0.4, 0.5, 0.6, 0.7, 0.8, 0.9]",id,timestamp,target,,[],[],[],solar_1W,0.7992271458021346,0.0,0.1068044210551306,856de5fa702db186,False,0.6.1,0.7992271458021346,1.048751731592873,0.1776368916034698,0.1348832185668129,"{'context_length': 1032, 'model_name': 'citras-fm', 'batch_size': 256, 'device': device(type='cuda', index=0), 'seed': 123}",0.02001214
citras-fm,autogluon/fev_datasets,kdd_cup_2022_10T,288,10,-2880,288,1,,144,SQL,"['MASE', {'name': 'WAPE', 'epsilon': 1.0}, {'name': 'WQL', 'epsilon': 1.0}]","[0.1, 0.2, 0.3, 0.4, 0.5, 0.6, 0.7, 0.8, 0.9]",id,timestamp,Patv,,[],"['Etmp', 'Itmp', 'Ndir', 'Pab1', 'Pab2', 'Pab3', 'Prtv', 'Wdir', 'Wspd']",[],kdd_cup_2022_10T,0.5072560735586973,0.0,121.9750389578985,571bae673e4dccdd,False,0.6.1,0.5072560735586973,0.5713040225275269,1.9840271651744843,1.752141317044975,"{'context_length': 1032, 'model_name': 'citras-fm', 'batch_size': 256, 'device': device(type='cuda', index=0), 'seed': 123}",109.98154163360596
citras-fm,autogluon/fev_datasets,kdd_cup_2022_30T,96,10,-960,96,1,,48,SQL,"['MASE', {'name': 'WAPE', 'epsilon': 1.0}, {'name': 'WQL', 'epsilon': 1.0}]","[0.1, 0.2, 0.3, 0.4, 0.5, 0.6, 0.7, 0.8, 0.9]",id,timestamp,Patv,,[],"['Etmp', 'Itmp', 'Ndir', 'Pab1', 'Pab2', 'Pab3', 'Prtv', 'Wdir', 'Wspd']",[],kdd_cup_2022_30T,0.4671724181205438,0.0,36.35271082294639,bf18bd35bb0df915,False,0.6.1,0.4671724181205438,0.550936038,1.791469299793243,1.4778116236967531,"{'context_length': 1032, 'model_name': 'citras-fm', 'batch_size': 256, 'device': device(type='cuda', index=0), 'seed': 123}",30.740063905715942
citras-fm,autogluon/fev_datasets,kdd_cup_2022_1D,14,10,-140,14,1,,1,SQL,"['MASE', {'name': 'WAPE', 'epsilon': 1.0}, {'name': 'WQL', 'epsilon': 1.0}]","[0.1, 0.2, 0.3, 0.4, 0.5, 0.6, 0.7, 0.8, 0.9]",id,timestamp,Patv,,[],"['Etmp', 'Itmp', 'Ndir', 'Pab1', 'Pab2', 'Pab3', 'Prtv', 'Wdir', 'Wspd']",[],kdd_cup_2022_1D,0.6969207770706304,0.0,2.9488365639699623,739c6625d30e6169,False,0.6.1,0.6969207770706304,0.8923438953288951,0.7096802026033402,0.5525175952572586,"{'context_length': 1032, 'model_name': 'citras-fm', 'batch_size': 256, 'device': device(type='cuda', index=0), 'seed': 123}",0.4559266567230224
citras-fm,autogluon/fev_datasets,uci_air_quality_1H,168,20,-3360,168,1,,24,SQL,"['MASE', {'name': 'WAPE', 'epsilon': 1.0}, {'name': 'WQL', 'epsilon': 1.0}]","[0.1, 0.2, 0.3, 0.4, 0.5, 0.6, 0.7, 0.8, 0.9]",id,timestamp,"['C6H6(GT)', 'CO(GT)', 'NO2(GT)', 'NOx(GT)']",,"['AH', 'RH', 'T']",[],[],uci_air_quality_1H,0.8958953707721836,0.0,11.650130507652648,031d3ed27aba2c43,False,0.6.1,0.8958953707721836,1.1042702990261468,0.3595310859382152,0.2903159221963923,"{'context_length': 1032, 'model_name': 'citras-fm', 'batch_size': 256, 'device': device(type='cuda', index=0), 'seed': 123}",11.514668226242064
citras-fm,autogluon/fev_datasets,uci_air_quality_1D,28,11,-308,28,1,,7,SQL,"['MASE', {'name': 'WAPE', 'epsilon': 1.0}, {'name': 'WQL', 'epsilon': 1.0}]","[0.1, 0.2, 0.3, 0.4, 0.5, 0.6, 0.7, 0.8, 0.9]",id,timestamp,"['C6H6(GT)', 'CO(GT)', 'NO2(GT)', 'NOx(GT)']",,"['AH', 'RH', 'T']",[],[],uci_air_quality_1D,1.1394331417729533,0.0,1.0294997200835496,2ef57ff0fd03a862,False,0.6.1,1.1394331417729533,1.441574935537581,0.2934952405366031,0.2310193360217312,"{'context_length': 1032, 'model_name': 'citras-fm', 'batch_size': 256, 'device': device(type='cuda', index=0), 'seed': 123}",0.9837210178375244
citras-fm,autogluon/fev_datasets,LOOP_SEATTLE_5T,288,10,-2880,288,1,,288,SQL,"['MASE', {'name': 'WAPE', 'epsilon': 1.0}, {'name': 'WQL', 'epsilon': 1.0}]","[0.1, 0.2, 0.3, 0.4, 0.5, 0.6, 0.7, 0.8, 0.9]",id,timestamp,target,,[],[],[],LOOP_SEATTLE_5T,0.7965910787874071,0.0,100.6863251972245,c2739a4b195beef3,False,0.6.1,0.7965910787874071,0.8852135969472826,0.097470926,0.087859362,"{'context_length': 1032, 'model_name': 'citras-fm', 'batch_size': 256, 'device': device(type='cuda', index=0), 'seed': 123}",42.68629002571106
citras-fm,autogluon/fev_datasets,LOOP_SEATTLE_1D,28,10,-280,28,1,,7,SQL,"['MASE', {'name': 'WAPE', 'epsilon': 1.0}, {'name': 'WQL', 'epsilon': 1.0}]","[0.1, 0.2, 0.3, 0.4, 0.5, 0.6, 0.7, 0.8, 0.9]",id,timestamp,target,,[],[],[],LOOP_SEATTLE_1D,0.8024142881458447,0.0,4.393196435878053,02d7b9f04d1c3187,False,0.6.1,0.8024142881458447,0.9874560313769576,0.0373263435438275,0.0302701209290482,"{'context_length': 1032, 'model_name': 'citras-fm', 'batch_size': 256, 'device': device(type='cuda', index=0), 'seed': 123}",1.6630046367645264
citras-fm,autogluon/fev_datasets,LOOP_SEATTLE_1H,168,10,-1680,168,1,,24,SQL,"['MASE', {'name': 'WAPE', 'epsilon': 1.0}, {'name': 'WQL', 'epsilon': 1.0}]","[0.1, 0.2, 0.3, 0.4, 0.5, 0.6, 0.7, 0.8, 0.9]",id,timestamp,target,,[],[],[],LOOP_SEATTLE_1H,0.7009974940064555,0.0,30.895596918766387,08811ee17f93df42,False,0.6.1,0.7009974940064555,0.8482035667358524,0.072775726,0.060038525,"{'context_length': 1032, 'model_name': 'citras-fm', 'batch_size': 256, 'device': device(type='cuda', index=0), 'seed': 123}",23.670578718185425
citras-fm,autogluon/fev_datasets,M_DENSE_1D,28,10,-280,28,1,,7,SQL,"['MASE', {'name': 'WAPE', 'epsilon': 1.0}, {'name': 'WQL', 'epsilon': 1.0}]","[0.1, 0.2, 0.3, 0.4, 0.5, 0.6, 0.7, 0.8, 0.9]",id,timestamp,target,,[],[],[],M_DENSE_1D,0.737321316,0.0,1.650622232002206,12417cabd3e820d7,False,0.6.1,0.737321316,0.8987780479853281,0.094621335,0.078658646,"{'context_length': 1032, 'model_name': 'citras-fm', 'batch_size': 256, 'device': device(type='cuda', index=0), 'seed': 123}",1.2514832019805908
citras-fm,autogluon/fev_datasets,M_DENSE_1H,168,10,-1680,168,1,,24,SQL,"['MASE', {'name': 'WAPE', 'epsilon': 1.0}, {'name': 'WQL', 'epsilon': 1.0}]","[0.1, 0.2, 0.3, 0.4, 0.5, 0.6, 0.7, 0.8, 0.9]",id,timestamp,target,,[],[],[],M_DENSE_1H,0.6154460580613851,0.0,6.868650892982259,e973593b94c21fa6,False,0.6.1,0.6154460580613851,0.7317594063334079,0.1491491481661796,0.1251987350445681,"{'context_length': 1032, 'model_name': 'citras-fm', 'batch_size': 256, 'device': device(type='cuda', index=0), 'seed': 123}",5.6537299156188965
citras-fm,autogluon/fev_datasets,SZ_TAXI_15T,96,10,-960,96,1,,96,SQL,"['MASE', {'name': 'WAPE', 'epsilon': 1.0}, {'name': 'WQL', 'epsilon': 1.0}]","[0.1, 0.2, 0.3, 0.4, 0.5, 0.6, 0.7, 0.8, 0.9]",id,timestamp,target,,[],[],[],SZ_TAXI_15T,0.4083116606434512,0.0,8.188832249841653,3e6f0d3380ac07cc,False,0.6.1,0.4083116606434512,0.5101628294679348,0.2441583424806594,0.195287114680846,"{'context_length': 1032, 'model_name': 'citras-fm', 'batch_size': 256, 'device': device(type='cuda', index=0), 'seed': 123}",6.079956293106079
citras-fm,autogluon/fev_datasets,SZ_TAXI_1H,168,2,-336,168,1,,24,SQL,"['MASE', {'name': 'WAPE', 'epsilon': 1.0}, {'name': 'WQL', 'epsilon': 1.0}]","[0.1, 0.2, 0.3, 0.4, 0.5, 0.6, 0.7, 0.8, 0.9]",id,timestamp,target,,[],[],[],SZ_TAXI_1H,0.4196061228482923,0.0,1.6817012750543654,7c28d9c08a8a99d2,False,0.6.1,0.4196061228482923,0.5196991340357957,0.1760067790746688,0.1420842058727177,"{'context_length': 1032, 'model_name': 'citras-fm', 'batch_size': 256, 'device': device(type='cuda', index=0), 'seed': 123}",1.372352123260498
citras-fm,autogluon/fev_datasets,redset_5T,288,10,-2880,288,1,,288,SQL,"['MASE', {'name': 'WAPE', 'epsilon': 1.0}, {'name': 'WQL', 'epsilon': 1.0}]","[0.1, 0.2, 0.3, 0.4, 0.5, 0.6, 0.7, 0.8, 0.9]",id,timestamp,target,,[],[],['subset'],redset_5T,0.9566112837688104,0.0,22.86480757407844,4776bd88b54d8a04,False,0.6.1,0.9566112837688104,1.097175598792338,0.4319086492061615,0.3641107114266437,"{'context_length': 1032, 'model_name': 'citras-fm', 'batch_size': 256, 'device': device(type='cuda', index=0), 'seed': 123}",17.28869057
citras-fm,autogluon/fev_datasets,redset_15T,96,10,-960,96,1,,96,SQL,"['MASE', {'name': 'WAPE', 'epsilon': 1.0}, {'name': 'WQL', 'epsilon': 1.0}]","[0.1, 0.2, 0.3, 0.4, 0.5, 0.6, 0.7, 0.8, 0.9]",id,timestamp,target,,[],[],['subset'],redset_15T,1.720533763055815,0.0,8.263825207250193,391e616eee276356,False,0.6.1,1.720533763055815,2.201525870953457,0.3037231624126434,0.2464048710550986,"{'context_length': 1032, 'model_name': 'citras-fm', 'batch_size': 256, 'device': device(type='cuda', index=0), 'seed': 123}",5.4958789348602295
citras-fm,autogluon/fev_datasets,redset_1H,24,10,-240,24,1,,24,SQL,"['MASE', {'name': 'WAPE', 'epsilon': 1.0}, {'name': 'WQL', 'epsilon': 1.0}]","[0.1, 0.2, 0.3, 0.4, 0.5, 0.6, 0.7, 0.8, 0.9]",id,timestamp,target,,[],[],['subset'],redset_1H,1.4977751087573634,0.0,2.7139014817075804,a7542f5bcc8cf4ab,False,0.6.1,1.4977751087573634,1.6420404571110017,0.2364258393645286,0.2002164812414735,"{'context_length': 1032, 'model_name': 'citras-fm', 'batch_size': 256, 'device': device(type='cuda', index=0), 'seed': 123}",0.7016472816467285
citras-fm,autogluon/fev_datasets,hospital_admissions_1D,28,20,-560,28,1,,7,SQL,"['MASE', {'name': 'WAPE', 'epsilon': 1.0}, {'name': 'WQL', 'epsilon': 1.0}]","[0.1, 0.2, 0.3, 0.4, 0.5, 0.6, 0.7, 0.8, 0.9]",id,timestamp,target,,[],[],[],hospital_admissions_1D,0.5562855857009278,0.0,2.979119675699621,88f43f9f6a96b4f3,False,0.6.1,0.5562855857009278,0.7184963063123074,0.5330127388238907,0.4126385362604453,"{'context_length': 1032, 'model_name': 'citras-fm', 'batch_size': 256, 'device': device(type='cuda', index=0), 'seed': 123}",2.7501845359802246
citras-fm,autogluon/fev_datasets,hospital_admissions_1W,13,16,-208,13,1,,1,SQL,"['MASE', {'name': 'WAPE', 'epsilon': 1.0}, {'name': 'WQL', 'epsilon': 1.0}]","[0.1, 0.2, 0.3, 0.4, 0.5, 0.6, 0.7, 0.8, 0.9]",id,timestamp,target,,[],[],[],hospital_admissions_1W,0.5825863429866256,0.0,0.6509966658195481,70ba34804e0de04d,False,0.6.1,0.5825863429866256,0.7579432873187183,0.2133830897510051,0.1640475363842089,"{'context_length': 1032, 'model_name': 'citras-fm', 'batch_size': 256, 'device': device(type='cuda', index=0), 'seed': 123}",0.5045561790466309
citras-fm,autogluon/fev_datasets,ETT_1W,13,5,-65,13,1,,1,SQL,"['MASE', {'name': 'WAPE', 'epsilon': 1.0}, {'name': 'WQL', 'epsilon': 1.0}]","[0.1, 0.2, 0.3, 0.4, 0.5, 0.6, 0.7, 0.8, 0.9]",id,timestamp,"['HUFL', 'HULL', 'LUFL', 'LULL', 'MUFL', 'MULL', 'OT']",,[],[],[],ETT_1W,2.266260128887646,0.0,0.1511290640337392,f285b410fbbb9427,False,0.6.1,2.266260128887646,2.615573617371344,0.4702526360750198,0.3800696590547889,"{'context_length': 1032, 'model_name': 'citras-fm', 'batch_size': 256, 'device': device(type='cuda', index=0), 'seed': 123}",0.1288840770721435
citras-fm,autogluon/fev_datasets,ETT_1D,28,20,-560,28,1,,7,SQL,"['MASE', {'name': 'WAPE', 'epsilon': 1.0}, {'name': 'WQL', 'epsilon': 1.0}]","[0.1, 0.2, 0.3, 0.4, 0.5, 0.6, 0.7, 0.8, 0.9]",id,timestamp,"['HUFL', 'HULL', 'LUFL', 'LULL', 'MUFL', 'MULL', 'OT']",,[],[],[],ETT_1D,1.1185109786727652,0.0,1.8934888883959504,087e55aa2b87745b,False,0.6.1,1.1185109786727652,1.3468648594200343,0.3341167665485825,0.2697927874176534,"{'context_length': 1032, 'model_name': 'citras-fm', 'batch_size': 256, 'device': device(type='cuda', index=0), 'seed': 123}",1.779812574386597
citras-fm,autogluon/fev_datasets,ETT_1H,168,20,-3360,168,1,,24,SQL,"['MASE', {'name': 'WAPE', 'epsilon': 1.0}, {'name': 'WQL', 'epsilon': 1.0}]","[0.1, 0.2, 0.3, 0.4, 0.5, 0.6, 0.7, 0.8, 0.9]",id,timestamp,"['HUFL', 'HULL', 'LUFL', 'LULL', 'MUFL', 'MULL', 'OT']",,[],[],[],ETT_1H,0.9349378235923262,0.0,10.667285405797884,305bfc1cf6779b47,False,0.6.1,0.9349378235923262,1.122282569347694,0.2455185163766145,0.2030089983134973,"{'context_length': 1032, 'model_name': 'citras-fm', 'batch_size': 256, 'device': device(type='cuda', index=0), 'seed': 123}",10.404828071594238
citras-fm,autogluon/fev_datasets,ETT_15T,96,20,-1920,96,1,,96,SQL,"['MASE', {'name': 'WAPE', 'epsilon': 1.0}, {'name': 'WQL', 'epsilon': 1.0}]","[0.1, 0.2, 0.3, 0.4, 0.5, 0.6, 0.7, 0.8, 0.9]",id,timestamp,"['HUFL', 'HULL', 'LUFL', 'LULL', 'MUFL', 'MULL', 'OT']",,[],[],[],ETT_15T,0.6030259425184072,0.0,6.607690813951194,8cb2ab653e6a502b,False,0.6.1,0.6030259425184072,0.7420629047825577,0.1196766644716262,0.097021875,"{'context_length': 1032, 'model_name': 'citras-fm', 'batch_size': 256, 'device': device(type='cuda', index=0), 'seed': 123}",5.880342960357666
citras-fm,autogluon/fev_datasets,hospital,12,4,-48,12,1,,12,SQL,"['MASE', {'name': 'WAPE', 'epsilon': 1.0}, {'name': 'WQL', 'epsilon': 1.0}]","[0.1, 0.2, 0.3, 0.4, 0.5, 0.6, 0.7, 0.8, 0.9]",id,timestamp,target,,[],[],[],hospital,0.6982329769400416,0.0,2.189880078076385,9c6e8721c2eca10b,False,0.6.1,0.6982329769400416,0.8910088390293787,0.093112975,0.073154992,"{'context_length': 1032, 'model_name': 'citras-fm', 'batch_size': 256, 'device': device(type='cuda', index=0), 'seed': 123}",0.2466390132904052
citras-fm,autogluon/fev_datasets,jena_weather_10T,144,20,-2880,144,1,,144,SQL,"['MASE', {'name': 'WAPE', 'epsilon': 1.0}, {'name': 'WQL', 'epsilon': 1.0}]","[0.1, 0.2, 0.3, 0.4, 0.5, 0.6, 0.7, 0.8, 0.9]",id,timestamp,"['target_0', 'target_1', 'target_10', 'target_11', 'target_12', 'target_13', 'target_14', 'target_15', 'target_16', 'target_17', 'target_18', 'target_19', 'target_2', 'target_20', 'target_3', 'target_4', 'target_5', 'target_6', 'target_7', 'target_8', 'target_9']",,[],[],[],jena_weather_10T,0.409483845324518,0.0,10.09147982019931,311a660faf591409,False,0.6.1,0.409483845324518,0.4741490244051219,0.29237038131181,0.2598751866564842,"{'context_length': 1032, 'model_name': 'citras-fm', 'batch_size': 256, 'device': device(type='cuda', index=0), 'seed': 123}",9.686297416687012
citras-fm,autogluon/fev_datasets,jena_weather_1D,28,11,-308,28,1,,1,SQL,"['MASE', {'name': 'WAPE', 'epsilon': 1.0}, {'name': 'WQL', 'epsilon': 1.0}]","[0.1, 0.2, 0.3, 0.4, 0.5, 0.6, 0.7, 0.8, 0.9]",id,timestamp,"['target_0', 'target_1', 'target_10', 'target_11', 'target_12', 'target_13', 'target_14', 'target_15', 'target_16', 'target_17', 'target_18', 'target_19', 'target_2', 'target_20', 'target_3', 'target_4', 'target_5', 'target_6', 'target_7', 'target_8', 'target_9']",,[],[],[],jena_weather_1D,1.1195380958108505,0.0,0.8334502998040989,81a9d748210aa612,False,0.6.1,1.1195380958108505,1.4101012062726317,0.282268888444551,0.2310045308327635,"{'context_length': 1032, 'model_name': 'citras-fm', 'batch_size': 256, 'device': device(type='cuda', index=0), 'seed': 123}",0.7980654239654541
citras-fm,autogluon/fev_datasets,jena_weather_1H,24,20,-480,24,1,,24,SQL,"['MASE', {'name': 'WAPE', 'epsilon': 1.0}, {'name': 'WQL', 'epsilon': 1.0}]","[0.1, 0.2, 0.3, 0.4, 0.5, 0.6, 0.7, 0.8, 0.9]",id,timestamp,"['target_0', 'target_1', 'target_10', 'target_11', 'target_12', 'target_13', 'target_14', 'target_15', 'target_16', 'target_17', 'target_18', 'target_19', 'target_2', 'target_20', 'target_3', 'target_4', 'target_5', 'target_6', 'target_7', 'target_8', 'target_9']",,[],[],[],jena_weather_1H,0.3454673091723851,0.0,1.885799629846588,8eb1d310607e8fee,False,0.6.1,0.3454673091723851,0.4279208846492737,0.260542159,0.2213662473568811,"{'context_length': 1032, 'model_name': 'citras-fm', 'batch_size': 256, 'device': device(type='cuda', index=0), 'seed': 123}",1.7451353073120115
citras-fm,autogluon/fev_datasets,bizitobs_l2c_1H,24,20,-480,24,1,,24,SQL,"['MASE', {'name': 'WAPE', 'epsilon': 1.0}, {'name': 'WQL', 'epsilon': 1.0}]","[0.1, 0.2, 0.3, 0.4, 0.5, 0.6, 0.7, 0.8, 0.9]",id,timestamp,"['target_0', 'target_1', 'target_2', 'target_3', 'target_4', 'target_5', 'target_6']",,[],[],[],bizitobs_l2c_1H,0.3475769870185706,0.0,1.560413593892008,fd3fb3349ee15a22,False,0.6.1,0.3475769870185706,0.4455885693617856,0.3792306074689674,0.3064375358196253,"{'context_length': 1032, 'model_name': 'citras-fm', 'batch_size': 256, 'device': device(type='cuda', index=0), 'seed': 123}",1.4868817329406738
citras-fm,autogluon/fev_datasets,bizitobs_l2c_5T,288,20,-5760,288,1,,288,SQL,"['MASE', {'name': 'WAPE', 'epsilon': 1.0}, {'name': 'WQL', 'epsilon': 1.0}]","[0.1, 0.2, 0.3, 0.4, 0.5, 0.6, 0.7, 0.8, 0.9]",id,timestamp,"['target_0', 'target_1', 'target_2', 'target_3', 'target_4', 'target_5', 'target_6']",,[],[],[],bizitobs_l2c_5T,0.7512701613401948,0.0,20.75637871422805,9cb515b57514a9ab,False,0.6.1,0.7512701613401948,0.7893047890159931,1.377472644971983,1.3284335511794023,"{'context_length': 1032, 'model_name': 'citras-fm', 'batch_size': 256, 'device': device(type='cuda', index=0), 'seed': 123}",20.557751655578613
citras-fm,autogluon/fev_datasets,australian_tourism,8,2,-16,8,1,,4,SQL,"['MASE', {'name': 'WAPE', 'epsilon': 1.0}, {'name': 'WQL', 'epsilon': 1.0}]","[0.1, 0.2, 0.3, 0.4, 0.5, 0.6, 0.7, 0.8, 0.9]",id,timestamp,target,,[],[],[],australian_tourism,0.7784579633069741,0.0,0.1588228960754349,e3e704ef830bb1f4,False,0.6.1,0.7784579633069741,0.9774632244815712,0.1065569445490837,0.084948436,"{'context_length': 1032, 'model_name': 'citras-fm', 'batch_size': 256, 'device': device(type='cuda', index=0), 'seed': 123}",0.040382385
citras-fm,autogluon/fev_datasets,world_tourism,5,2,-10,5,1,,1,SQL,"['MASE', {'name': 'WAPE', 'epsilon': 1.0}, {'name': 'WQL', 'epsilon': 1.0}]","[0.1, 0.2, 0.3, 0.4, 0.5, 0.6, 0.7, 0.8, 0.9]",id,timestamp,target,,[],[],[],world_tourism,3.663744676994836,0.0,0.282599400030449,0dbaf8acdb03871f,False,0.6.1,3.663744676994836,4.430948140991997,0.139057957,0.1102090885400307,"{'context_length': 1032, 'model_name': 'citras-fm', 'batch_size': 256, 'device': device(type='cuda', index=0), 'seed': 123}",0.0406014919281005
citras-fm,autogluon/fev_datasets,world_co2_emissions,5,9,-45,5,1,,1,SQL,"['MASE', {'name': 'WAPE', 'epsilon': 1.0}, {'name': 'WQL', 'epsilon': 1.0}]","[0.1, 0.2, 0.3, 0.4, 0.5, 0.6, 0.7, 0.8, 0.9]",id,timestamp,target,,[],[],[],world_co2_emissions,2.930581174007193,0.0,1.5492440689122304,e202df7b6b66eec1,False,0.6.1,2.930581174007193,3.594420841873509,0.092970032,0.073956351,"{'context_length': 1032, 'model_name': 'citras-fm', 'batch_size': 256, 'device': device(type='cuda', index=0), 'seed': 123}",0.2115552425384521
citras-fm,autogluon/fev_datasets,world_life_expectancy,5,10,-50,5,1,,1,SQL,"['MASE', {'name': 'WAPE', 'epsilon': 1.0}, {'name': 'WQL', 'epsilon': 1.0}]","[0.1, 0.2, 0.3, 0.4, 0.5, 0.6, 0.7, 0.8, 0.9]",id,timestamp,target,,[],[],[],world_life_expectancy,1.2086439902034267,0.0,1.8504733518930152,fa80fb81a8121b97,False,0.6.1,1.2086439902034267,1.4721758836872485,0.012058603,0.009926481,"{'context_length': 1032, 'model_name': 'citras-fm', 'batch_size': 256, 'device': device(type='cuda', index=0), 'seed': 123}",0.2421967983245849
citras-fm,autogluon/fev_datasets,ercot_1H,168,20,-3360,168,1,,24,SQL,"['MASE', {'name': 'WAPE', 'epsilon': 1.0}, {'name': 'WQL', 'epsilon': 1.0}]","[0.1, 0.2, 0.3, 0.4, 0.5, 0.6, 0.7, 0.8, 0.9]",id,timestamp,target,,[],[],[],ercot_1H,1.154251945198992,0.0,13.186796552268788,ea7c064764004599,False,0.6.1,1.154251945198992,1.4056431032159344,0.072596434,0.0593544619029159,"{'context_length': 1032, 'model_name': 'citras-fm', 'batch_size': 256, 'device': device(type='cuda', index=0), 'seed': 123}",9.073882341384888
citras-fm,autogluon/fev_datasets,ercot_1D,28,20,-560,28,1,,7,SQL,"['MASE', {'name': 'WAPE', 'epsilon': 1.0}, {'name': 'WQL', 'epsilon': 1.0}]","[0.1, 0.2, 0.3, 0.4, 0.5, 0.6, 0.7, 0.8, 0.9]",id,timestamp,target,,[],[],[],ercot_1D,0.8740599465929856,0.0,3.987294635968283,2d6981ffddeb4d36,False,0.6.1,0.8740599465929856,1.1363258605604731,0.07988606,0.062049638,"{'context_length': 1032, 'model_name': 'citras-fm', 'batch_size': 256, 'device': device(type='cuda', index=0), 'seed': 123}",3.498418092727661
citras-fm,autogluon/fev_datasets,ercot_1W,13,20,-260,13,1,,1,SQL,"['MASE', {'name': 'WAPE', 'epsilon': 1.0}, {'name': 'WQL', 'epsilon': 1.0}]","[0.1, 0.2, 0.3, 0.4, 0.5, 0.6, 0.7, 0.8, 0.9]",id,timestamp,target,,[],[],[],ercot_1W,0.964995962,0.0,1.7597583549795672,17d56f9cde303936,False,0.6.1,0.964995962,1.2382095816675656,0.0603493159636855,0.0470696070802426,"{'context_length': 1032, 'model_name': 'citras-fm', 'batch_size': 256, 'device': device(type='cuda', index=0), 'seed': 123}",1.583068848
citras-fm,autogluon/fev_datasets,ercot_1M,12,15,-180,12,1,,12,SQL,"['MASE', {'name': 'WAPE', 'epsilon': 1.0}, {'name': 'WQL', 'epsilon': 1.0}]","[0.1, 0.2, 0.3, 0.4, 0.5, 0.6, 0.7, 0.8, 0.9]",id,timestamp,target,,[],[],[],ercot_1M,0.7720353293321686,0.0,0.465781259,3b442c044564a810,False,0.6.1,0.7720353293321686,0.9784896632637966,0.048323109,0.038116942,"{'context_length': 1032, 'model_name': 'citras-fm', 'batch_size': 256, 'device': device(type='cuda', index=0), 'seed': 123}",0.364405870437622
citras-fm,autogluon/fev_datasets,uk_covid_utla_1D,28,10,-280,28,1,,7,SQL,"['MASE', {'name': 'WAPE', 'epsilon': 1.0}, {'name': 'WQL', 'epsilon': 1.0}]","[0.1, 0.2, 0.3, 0.4, 0.5, 0.6, 0.7, 0.8, 0.9]",id,timestamp,new_cases,,[],[],[],uk_covid_utla_1D/new,3.704197614569393,0.0,4.215994892059825,2f859aada4961893,False,0.6.1,3.704197614569393,4.368957389070813,0.4374678581953048,0.367367574,"{'context_length': 1032, 'model_name': 'citras-fm', 'batch_size': 256, 'device': device(type='cuda', index=0), 'seed': 123}",2.029691457748413
citras-fm,autogluon/fev_datasets,uk_covid_utla_1W,13,5,-65,13,1,,1,SQL,"['MASE', {'name': 'WAPE', 'epsilon': 1.0}, {'name': 'WQL', 'epsilon': 1.0}]","[0.1, 0.2, 0.3, 0.4, 0.5, 0.6, 0.7, 0.8, 0.9]",id,timestamp,cumulative_cases,,[],[],[],uk_covid_utla_1W/cumulative,17.781583664506286,0.0,0.8762143240310252,35d7c01fd444e4fd,False,0.6.1,17.781583664506286,20.1918092880156,0.198318488150835,0.1738409528328343,"{'context_length': 1032, 'model_name': 'citras-fm', 'batch_size': 256, 'device': device(type='cuda', index=0), 'seed': 123}",0.1223623752593994
citras-fm,autogluon/fev_datasets,uk_covid_nation_1D,28,20,-560,28,1,,7,SQL,"['MASE', {'name': 'WAPE', 'epsilon': 1.0}, {'name': 'WQL', 'epsilon': 1.0}]","[0.1, 0.2, 0.3, 0.4, 0.5, 0.6, 0.7, 0.8, 0.9]",id,timestamp,"['new_admissions', 'new_cases', 'new_deaths']",,[],"['hospital_cases', 'icu_ventilator_occupancy', 'new_vaccinated_1', 'new_vaccinated_2', 'new_vaccinated_3']",[],uk_covid_nation_1D/new,1.923969990029916,0.0,2.662961763911881,dae0212e3fa73904,False,0.6.1,1.923969990029916,2.277989097323168,0.3490070909261703,0.2837532336695395,"{'context_length': 1032, 'model_name': 'citras-fm', 'batch_size': 256, 'device': device(type='cuda', index=0), 'seed': 123}",2.383008480072021
citras-fm,autogluon/fev_datasets,uk_covid_nation_1D,28,20,-560,28,1,,1,SQL,"['MASE', {'name': 'WAPE', 'epsilon': 1.0}, {'name': 'WQL', 'epsilon': 1.0}]","[0.1, 0.2, 0.3, 0.4, 0.5, 0.6, 0.7, 0.8, 0.9]",id,timestamp,"['cumulative_admissions', 'cumulative_cases', 'cumulative_deaths']",,[],"['cumulative_vaccinated_1', 'cumulative_vaccinated_2', 'cumulative_vaccinated_3', 'hospital_cases', 'icu_ventilator_occupancy']",[],uk_covid_nation_1D/cumulative,6.871722176687152,0.0,2.798106467933394,dae0212e3fa73904,False,0.6.1,6.871722176687152,8.476451893473882,0.0185916896094568,0.0152411429421382,"{'context_length': 1032, 'model_name': 'citras-fm', 'batch_size': 256, 'device': device(type='cuda', index=0), 'seed': 123}",2.552029848098755
citras-fm,autogluon/fev_datasets,uk_covid_nation_1W,8,4,-32,8,1,,1,SQL,"['MASE', {'name': 'WAPE', 'epsilon': 1.0}, {'name': 'WQL', 'epsilon': 1.0}]","[0.1, 0.2, 0.3, 0.4, 0.5, 0.6, 0.7, 0.8, 0.9]",id,timestamp,"['new_admissions', 'new_cases', 'new_deaths']",,[],"['hospital_cases', 'icu_ventilator_occupancy', 'new_vaccinated_1', 'new_vaccinated_2', 'new_vaccinated_3']",[],uk_covid_nation_1W/new,5.705626880024671,0.0,0.157264209119603,c1544674699f895d,False,0.6.1,5.705626880024671,6.919794364852346,0.7646058276295662,0.5738152405444851,"{'context_length': 1032, 'model_name': 'citras-fm', 'batch_size': 256, 'device': device(type='cuda', index=0), 'seed': 123}",0.113340139389038
citras-fm,autogluon/fev_datasets,uk_covid_nation_1W,8,4,-32,8,1,,1,SQL,"['MASE', {'name': 'WAPE', 'epsilon': 1.0}, {'name': 'WQL', 'epsilon': 1.0}]","[0.1, 0.2, 0.3, 0.4, 0.5, 0.6, 0.7, 0.8, 0.9]",id,timestamp,"['cumulative_admissions', 'cumulative_cases', 'cumulative_deaths']",,[],"['cumulative_vaccinated_1', 'cumulative_vaccinated_2', 'cumulative_vaccinated_3', 'hospital_cases', 'icu_ventilator_occupancy']",[],uk_covid_nation_1W/cumulative,2.6865375474662505,0.0,0.1621354621602222,c1544674699f895d,False,0.6.1,2.6865375474662505,3.244293502615718,0.0297601451165974,0.025752989,"{'context_length': 1032, 'model_name': 'citras-fm', 'batch_size': 256, 'device': device(type='cuda', index=0), 'seed': 123}",0.119563341140747
citras-fm,autogluon/fev_datasets,ecdc_ili,13,10,-130,13,1,,1,SQL,"['MASE', {'name': 'WAPE', 'epsilon': 1.0}, {'name': 'WQL', 'epsilon': 1.0}]","[0.1, 0.2, 0.3, 0.4, 0.5, 0.6, 0.7, 0.8, 0.9]",id,timestamp,target,,[],[],[],ecdc_ili,2.442968814736758,0.0,0.4529617329826578,c812e2dbfb11b987,False,0.6.1,2.442968814736758,2.876180453780843,0.4257785081863403,0.3595858341033879,"{'context_length': 1032, 'model_name': 'citras-fm', 'batch_size': 256, 'device': device(type='cuda', index=0), 'seed': 123}",0.2640037536621094
citras-fm,autogluon/fev_datasets,boomlet_1062,288,20,-5760,288,1,,288,SQL,"['MASE', {'name': 'WAPE', 'epsilon': 1.0}, {'name': 'WQL', 'epsilon': 1.0}]","[0.1, 0.2, 0.3, 0.4, 0.5, 0.6, 0.7, 0.8, 0.9]",id,timestamp,"['target_0', 'target_1', 'target_10', 'target_11', 'target_12', 'target_13', 'target_14', 'target_15', 'target_16', 'target_17', 'target_18', 'target_19', 'target_2', 'target_20', 'target_3', 'target_4', 'target_5', 'target_6', 'target_7', 'target_8', 'target_9']",,[],[],[],boomlet_1062,0.6172112691332907,0.0,17.918864174745977,850914278ff7292f,False,0.6.1,0.6172112691332907,0.7009528855934714,0.5957806474279055,0.5215730971016691,"{'context_length': 1032, 'model_name': 'citras-fm', 'batch_size': 256, 'device': device(type='cuda', index=0), 'seed': 123}",17.7401545
citras-fm,autogluon/fev_datasets,boomlet_1209,288,20,-5760,288,1,,288,SQL,"['MASE', {'name': 'WAPE', 'epsilon': 1.0}, {'name': 'WQL', 'epsilon': 1.0}]","[0.1, 0.2, 0.3, 0.4, 0.5, 0.6, 0.7, 0.8, 0.9]",id,timestamp,"['target_0', 'target_1', 'target_10', 'target_11', 'target_12', 'target_13', 'target_14', 'target_15', 'target_16', 'target_17', 'target_18', 'target_19', 'target_2', 'target_20', 'target_21', 'target_22', 'target_23', 'target_24', 'target_25', 'target_26', 'target_27', 'target_28', 'target_29', 'target_3', 'target_30', 'target_31', 'target_32', 'target_33', 'target_34', 'target_35', 'target_36', 'target_37', 'target_38', 'target_39', 'target_4', 'target_40', 'target_41', 'target_42', 'target_43', 'target_44', 'target_45', 'target_46', 'target_47', 'target_48', 'target_49', 'target_5', 'target_50', 'target_51', 'target_52', 'target_6', 'target_7', 'target_8', 'target_9']",,[],[],[],boomlet_1209,0.7546263655330743,0.0,23.96572665811982,fc732419f4257b0c,False,0.6.1,0.7546263655330743,0.8237688106540798,0.3269036029638746,0.2987229104819696,"{'context_length': 1032, 'model_name': 'citras-fm', 'batch_size': 256, 'device': device(type='cuda', index=0), 'seed': 123}",23.66648817062378
citras-fm,autogluon/fev_datasets,boomlet_1225,60,20,-1200,60,1,,1440,SQL,"['MASE', {'name': 'WAPE', 'epsilon': 1.0}, {'name': 'WQL', 'epsilon': 1.0}]","[0.1, 0.2, 0.3, 0.4, 0.5, 0.6, 0.7, 0.8, 0.9]",id,timestamp,"['target_0', 'target_1', 'target_10', 'target_11', 'target_12', 'target_13', 'target_14', 'target_15', 'target_16', 'target_17', 'target_18', 'target_19', 'target_2', 'target_20', 'target_21', 'target_22', 'target_23', 'target_24', 'target_25', 'target_26', 'target_27', 'target_28', 'target_29', 'target_3', 'target_30', 'target_31', 'target_32', 'target_33', 'target_34', 'target_35', 'target_36', 'target_37', 'target_38', 'target_39', 'target_4', 'target_40', 'target_41', 'target_42', 'target_43', 'target_44', 'target_45', 'target_46', 'target_47', 'target_48', 'target_5', 'target_6', 'target_7', 'target_8', 'target_9']",,[],[],[],boomlet_1225,0.1942443666020114,0.0,6.066345155239105,e054f8c6bf020ac0,False,0.6.1,0.1942443666020114,0.2409160148742846,0.1265660038740583,0.102271642507924,"{'context_length': 1032, 'model_name': 'citras-fm', 'batch_size': 256, 'device': device(type='cuda', index=0), 'seed': 123}",5.796440124511719
citras-fm,autogluon/fev_datasets,boomlet_1230,288,20,-5760,288,1,,288,SQL,"['MASE', {'name': 'WAPE', 'epsilon': 1.0}, {'name': 'WQL', 'epsilon': 1.0}]","[0.1, 0.2, 0.3, 0.4, 0.5, 0.6, 0.7, 0.8, 0.9]",id,timestamp,"['target_0', 'target_1', 'target_10', 'target_11', 'target_12', 'target_13', 'target_14', 'target_15', 'target_16', 'target_17', 'target_18', 'target_19', 'target_2', 'target_20', 'target_21', 'target_22', 'target_3', 'target_4', 'target_5', 'target_6', 'target_7', 'target_8', 'target_9']",,[],[],[],boomlet_1230,1.2483559529874884,0.0,18.284304147120565,c41ee8e342ded50d,False,0.6.1,1.2483559529874884,1.3479829889439716,0.3214600342938312,0.2930098247119032,"{'context_length': 1032, 'model_name': 'citras-fm', 'batch_size': 256, 'device': device(type='cuda', index=0), 'seed': 123}",18.102302074432373
citras-fm,autogluon/fev_datasets,boomlet_1282,60,20,-1200,60,1,,1440,SQL,"['MASE', {'name': 'WAPE', 'epsilon': 1.0}, {'name': 'WQL', 'epsilon': 1.0}]","[0.1, 0.2, 0.3, 0.4, 0.5, 0.6, 0.7, 0.8, 0.9]",id,timestamp,"['target_0', 'target_1', 'target_10', 'target_11', 'target_12', 'target_13', 'target_14', 'target_15', 'target_16', 'target_17', 'target_18', 'target_19', 'target_2', 'target_20', 'target_21', 'target_22', 'target_23', 'target_24', 'target_25', 'target_26', 'target_27', 'target_28', 'target_29', 'target_3', 'target_30', 'target_31', 'target_32', 'target_33', 'target_34', 'target_4', 'target_5', 'target_6', 'target_7', 'target_8', 'target_9']",,[],[],[],boomlet_1282,0.431833325,0.0,5.277163875289261,b18492522498bc96,False,0.6.1,0.431833325,0.5230375222620778,0.3633551782203306,0.2972790308946546,"{'context_length': 1032, 'model_name': 'citras-fm', 'batch_size': 256, 'device': device(type='cuda', index=0), 'seed': 123}",5.054553031921387
citras-fm,autogluon/fev_datasets,boomlet_1487,288,20,-5760,288,1,,288,SQL,"['MASE', {'name': 'WAPE', 'epsilon': 1.0}, {'name': 'WQL', 'epsilon': 1.0}]","[0.1, 0.2, 0.3, 0.4, 0.5, 0.6, 0.7, 0.8, 0.9]",id,timestamp,"['target_0', 'target_1', 'target_10', 'target_11', 'target_12', 'target_13', 'target_14', 'target_15', 'target_16', 'target_17', 'target_18', 'target_19', 'target_2', 'target_20', 'target_21', 'target_22', 'target_23', 'target_24', 'target_25', 'target_26', 'target_27', 'target_28', 'target_29', 'target_3', 'target_30', 'target_31', 'target_32', 'target_33', 'target_34', 'target_35', 'target_36', 'target_37', 'target_38', 'target_39', 'target_4', 'target_40', 'target_41', 'target_42', 'target_43', 'target_44', 'target_45', 'target_46', 'target_47', 'target_48', 'target_49', 'target_5', 'target_50', 'target_51', 'target_52', 'target_53', 'target_6', 'target_7', 'target_8', 'target_9']",,[],[],[],boomlet_1487,0.4768262307311914,0.0,26.291672901250426,6e70705aa0d5c9b6,False,0.6.1,0.4768262307311914,0.5379139872189995,0.2118269638399835,0.1876923194856919,"{'context_length': 1032, 'model_name': 'citras-fm', 'batch_size': 256, 'device': device(type='cuda', index=0), 'seed': 123}",25.97817063331604
citras-fm,autogluon/fev_datasets,boomlet_1631,96,20,-1920,96,1,,48,SQL,"['MASE', {'name': 'WAPE', 'epsilon': 1.0}, {'name': 'WQL', 'epsilon': 1.0}]","[0.1, 0.2, 0.3, 0.4, 0.5, 0.6, 0.7, 0.8, 0.9]",id,timestamp,"['target_0', 'target_1', 'target_10', 'target_11', 'target_12', 'target_13', 'target_14', 'target_15', 'target_16', 'target_17', 'target_18', 'target_19', 'target_2', 'target_20', 'target_21', 'target_22', 'target_23', 'target_24', 'target_25', 'target_26', 'target_27', 'target_28', 'target_29', 'target_3', 'target_30', 'target_31', 'target_32', 'target_33', 'target_34', 'target_35', 'target_36', 'target_37', 'target_38', 'target_39', 'target_4', 'target_5', 'target_6', 'target_7', 'target_8', 'target_9']",,[],[],[],boomlet_1631,0.6148102500356808,0.0,7.924347284366377,79eaf83557e2eeb4,False,0.6.1,0.6148102500356808,0.7544764970836776,0.3269643147930037,0.2664987990773727,"{'context_length': 1032, 'model_name': 'citras-fm', 'batch_size': 256, 'device': device(type='cuda', index=0), 'seed': 123}",7.727860689163208
citras-fm,autogluon/fev_datasets,boomlet_1676,96,20,-1920,96,1,,48,SQL,"['MASE', {'name': 'WAPE', 'epsilon': 1.0}, {'name': 'WQL', 'epsilon': 1.0}]","[0.1, 0.2, 0.3, 0.4, 0.5, 0.6, 0.7, 0.8, 0.9]",id,timestamp,"['target_0', 'target_1', 'target_10', 'target_11', 'target_12', 'target_13', 'target_14', 'target_15', 'target_16', 'target_17', 'target_18', 'target_19', 'target_2', 'target_20', 'target_21', 'target_22', 'target_23', 'target_24', 'target_25', 'target_26', 'target_27', 'target_28', 'target_29', 'target_3', 'target_30', 'target_31', 'target_32', 'target_33', 'target_34', 'target_35', 'target_36', 'target_37', 'target_38', 'target_39', 'target_4', 'target_40', 'target_41', 'target_42', 'target_43', 'target_44', 'target_45', 'target_46', 'target_47', 'target_48', 'target_49', 'target_5', 'target_50', 'target_51', 'target_52', 'target_53', 'target_54', 'target_55', 'target_56', 'target_57', 'target_58', 'target_59', 'target_6', 'target_60', 'target_61', 'target_62', 'target_63', 'target_64', 'target_65', 'target_66', 'target_67', 'target_68', 'target_69', 'target_7', 'target_70', 'target_71', 'target_72', 'target_73', 'target_74', 'target_75', 'target_76', 'target_77', 'target_78', 'target_79', 'target_8', 'target_80', 'target_81', 'target_82', 'target_83', 'target_84', 'target_85', 'target_86', 'target_87', 'target_88', 'target_89', 'target_9', 'target_90', 'target_91', 'target_92', 'target_93', 'target_94', 'target_95', 'target_96', 'target_97', 'target_98', 'target_99']",,[],[],[],boomlet_1676,0.6077712476948691,0.0,10.593003988848068,083dfc140fd4b463,False,0.6.1,0.6077712476948691,0.7286748406082371,0.3375521735936636,0.2794884492228666,"{'context_length': 1032, 'model_name': 'citras-fm', 'batch_size': 256, 'device': device(type='cuda', index=0), 'seed': 123}",10.284129619598389
citras-fm,autogluon/fev_datasets,boomlet_1855,24,20,-480,24,1,,24,SQL,"['MASE', {'name': 'WAPE', 'epsilon': 1.0}, {'name': 'WQL', 'epsilon': 1.0}]","[0.1, 0.2, 0.3, 0.4, 0.5, 0.6, 0.7, 0.8, 0.9]",id,timestamp,"['target_0', 'target_1', 'target_10', 'target_11', 'target_12', 'target_13', 'target_14', 'target_15', 'target_16', 'target_17', 'target_18', 'target_19', 'target_2', 'target_20', 'target_21', 'target_22', 'target_23', 'target_24', 'target_25', 'target_26', 'target_27', 'target_28', 'target_29', 'target_3', 'target_30', 'target_31', 'target_32', 'target_33', 'target_34', 'target_35', 'target_36', 'target_37', 'target_38', 'target_39', 'target_4', 'target_40', 'target_41', 'target_42', 'target_43', 'target_44', 'target_45', 'target_46', 'target_47', 'target_48', 'target_49', 'target_5', 'target_50', 'target_51', 'target_6', 'target_7', 'target_8', 'target_9']",,[],[],[],boomlet_1855,0.4642095141544263,0.0,1.8503095059422776,3b655e92786b24dc,False,0.6.1,0.4642095141544263,0.5421797141841631,0.160893554,0.138325562576723,"{'context_length': 1032, 'model_name': 'citras-fm', 'batch_size': 256, 'device': device(type='cuda', index=0), 'seed': 123}",1.6612334251403809
citras-fm,autogluon/fev_datasets,boomlet_1975,24,20,-480,24,1,,24,SQL,"['MASE', {'name': 'WAPE', 'epsilon': 1.0}, {'name': 'WQL', 'epsilon': 1.0}]","[0.1, 0.2, 0.3, 0.4, 0.5, 0.6, 0.7, 0.8, 0.9]",id,timestamp,"['target_0', 'target_1', 'target_10', 'target_11', 'target_12', 'target_13', 'target_14', 'target_15', 'target_16', 'target_17', 'target_18', 'target_19', 'target_2', 'target_20', 'target_21', 'target_22', 'target_23', 'target_24', 'target_25', 'target_26', 'target_27', 'target_28', 'target_29', 'target_3', 'target_30', 'target_31', 'target_32', 'target_33', 'target_34', 'target_35', 'target_36', 'target_37', 'target_38', 'target_39', 'target_4', 'target_40', 'target_41', 'target_42', 'target_43', 'target_44', 'target_45', 'target_46', 'target_47', 'target_48', 'target_49', 'target_5', 'target_50', 'target_51', 'target_52', 'target_53', 'target_54', 'target_55', 'target_56', 'target_57', 'target_58', 'target_59', 'target_6', 'target_60', 'target_61', 'target_62', 'target_63', 'target_64', 'target_65', 'target_66', 'target_67', 'target_68', 'target_69', 'target_7', 'target_70', 'target_71', 'target_72', 'target_73', 'target_74', 'target_8', 'target_9']",,[],[],[],boomlet_1975,0.1662682539800805,0.0,1.782813860103488,6e1d9424c5ab2214,False,0.6.1,0.1662682539800805,0.1971310105590683,0.1089755262069326,0.09152515,"{'context_length': 1032, 'model_name': 'citras-fm', 'batch_size': 256, 'device': device(type='cuda', index=0), 'seed': 123}",1.576282262802124
citras-fm,autogluon/fev_datasets,boomlet_2187,24,20,-480,24,1,,24,SQL,"['MASE', {'name': 'WAPE', 'epsilon': 1.0}, {'name': 'WQL', 'epsilon': 1.0}]","[0.1, 0.2, 0.3, 0.4, 0.5, 0.6, 0.7, 0.8, 0.9]",id,timestamp,"['target_0', 'target_1', 'target_10', 'target_11', 'target_12', 'target_13', 'target_14', 'target_15', 'target_16', 'target_17', 'target_18', 'target_19', 'target_2', 'target_20', 'target_21', 'target_22', 'target_23', 'target_24', 'target_25', 'target_26', 'target_27', 'target_28', 'target_29', 'target_3', 'target_30', 'target_31', 'target_32', 'target_33', 'target_34', 'target_35', 'target_36', 'target_37', 'target_38', 'target_39', 'target_4', 'target_40', 'target_41', 'target_42', 'target_43', 'target_44', 'target_45', 'target_46', 'target_47', 'target_48', 'target_49', 'target_5', 'target_50', 'target_51', 'target_52', 'target_53', 'target_54', 'target_55', 'target_56', 'target_57', 'target_58', 'target_59', 'target_6', 'target_60', 'target_61', 'target_62', 'target_63', 'target_64', 'target_65', 'target_66', 'target_67', 'target_68', 'target_69', 'target_7', 'target_70', 'target_71', 'target_72', 'target_73', 'target_74', 'target_75', 'target_76', 'target_77', 'target_78', 'target_79', 'target_8', 'target_80', 'target_81', 'target_82', 'target_83', 'target_84', 'target_85', 'target_86', 'target_87', 'target_88', 'target_89', 'target_9', 'target_90', 'target_91', 'target_92', 'target_93', 'target_94', 'target_95', 'target_96', 'target_97', 'target_98', 'target_99']",,[],[],[],boomlet_2187,0.7338828894349271,0.0,1.8434591449331488,c858af6e090b65d2,False,0.6.1,0.7338828894349271,0.8334454751823456,0.2741044488159532,0.2394083595246066,"{'context_length': 1032, 'model_name': 'citras-fm', 'batch_size': 256, 'device': device(type='cuda', index=0), 'seed': 123}",1.602618694
citras-fm,autogluon/fev_datasets,boomlet_285,60,20,-1200,60,1,,1440,SQL,"['MASE', {'name': 'WAPE', 'epsilon': 1.0}, {'name': 'WQL', 'epsilon': 1.0}]","[0.1, 0.2, 0.3, 0.4, 0.5, 0.6, 0.7, 0.8, 0.9]",id,timestamp,"['target_0', 'target_1', 'target_10', 'target_11', 'target_12', 'target_13', 'target_14', 'target_15', 'target_16', 'target_17', 'target_18', 'target_19', 'target_2', 'target_20', 'target_21', 'target_22', 'target_23', 'target_24', 'target_25', 'target_26', 'target_27', 'target_28', 'target_29', 'target_3', 'target_30', 'target_31', 'target_32', 'target_33', 'target_34', 'target_35', 'target_36', 'target_37', 'target_38', 'target_39', 'target_4', 'target_40', 'target_41', 'target_42', 'target_43', 'target_44', 'target_45', 'target_46', 'target_47', 'target_48', 'target_49', 'target_5', 'target_50', 'target_51', 'target_52', 'target_53', 'target_54', 'target_55', 'target_56', 'target_57', 'target_58', 'target_59', 'target_6', 'target_60', 'target_61', 'target_62', 'target_63', 'target_64', 'target_65', 'target_66', 'target_67', 'target_68', 'target_69', 'target_7', 'target_70', 'target_71', 'target_72', 'target_73', 'target_74', 'target_8', 'target_9']",,[],[],[],boomlet_285,0.3714806324339058,0.0,7.150236031971872,51287a29c5959696,False,0.6.1,0.3714806324339058,0.4177673457875075,0.1855866952254182,0.1550531614226526,"{'context_length': 1032, 'model_name': 'citras-fm', 'batch_size': 256, 'device': device(type='cuda', index=0), 'seed': 123}",6.819088935852051
citras-fm,autogluon/fev_datasets,boomlet_619,60,20,-1200,60,1,,1440,SQL,"['MASE', {'name': 'WAPE', 'epsilon': 1.0}, {'name': 'WQL', 'epsilon': 1.0}]","[0.1, 0.2, 0.3, 0.4, 0.5, 0.6, 0.7, 0.8, 0.9]",id,timestamp,"['target_0', 'target_1', 'target_10', 'target_11', 'target_12', 'target_13', 'target_14', 'target_15', 'target_16', 'target_17', 'target_18', 'target_19', 'target_2', 'target_20', 'target_21', 'target_22', 'target_23', 'target_24', 'target_25', 'target_26', 'target_27', 'target_28', 'target_29', 'target_3', 'target_30', 'target_31', 'target_32', 'target_33', 'target_34', 'target_35', 'target_36', 'target_37', 'target_38', 'target_39', 'target_4', 'target_40', 'target_41', 'target_42', 'target_43', 'target_44', 'target_45', 'target_46', 'target_47', 'target_48', 'target_49', 'target_5', 'target_50', 'target_51', 'target_6', 'target_7', 'target_8', 'target_9']",,[],[],[],boomlet_619,0.3556750824773309,0.0,6.038888432784006,2d774f07b3096707,False,0.6.1,0.3556750824773309,0.4558095394668141,0.3293758810354539,0.2591773047142831,"{'context_length': 1032, 'model_name': 'citras-fm', 'batch_size': 256, 'device': device(type='cuda', index=0), 'seed': 123}",5.780979395
citras-fm,autogluon/fev_datasets,boomlet_772,60,20,-1200,60,1,,1440,SQL,"['MASE', {'name': 'WAPE', 'epsilon': 1.0}, {'name': 'WQL', 'epsilon': 1.0}]","[0.1, 0.2, 0.3, 0.4, 0.5, 0.6, 0.7, 0.8, 0.9]",id,timestamp,"['target_0', 'target_1', 'target_10', 'target_11', 'target_12', 'target_13', 'target_14', 'target_15', 'target_16', 'target_17', 'target_18', 'target_19', 'target_2', 'target_20', 'target_21', 'target_22', 'target_23', 'target_24', 'target_25', 'target_26', 'target_27', 'target_28', 'target_29', 'target_3', 'target_30', 'target_31', 'target_32', 'target_33', 'target_34', 'target_35', 'target_36', 'target_37', 'target_38', 'target_39', 'target_4', 'target_40', 'target_41', 'target_42', 'target_43', 'target_44', 'target_45', 'target_46', 'target_47', 'target_48', 'target_49', 'target_5', 'target_50', 'target_51', 'target_52', 'target_53', 'target_54', 'target_55', 'target_56', 'target_57', 'target_58', 'target_59', 'target_6', 'target_60', 'target_61', 'target_62', 'target_63', 'target_64', 'target_65', 'target_66', 'target_7', 'target_8', 'target_9']",,[],[],[],boomlet_772,0.3141254822616043,0.0,6.914290621061809,cf7b0f7fe86838d5,False,0.6.1,0.3141254822616043,0.362754039950615,0.1694926518253607,0.1443361895980726,"{'context_length': 1032, 'model_name': 'citras-fm', 'batch_size': 256, 'device': device(type='cuda', index=0), 'seed': 123}",6.614718675613403
citras-fm,autogluon/fev_datasets,boomlet_963,60,20,-1200,60,1,,1440,SQL,"['MASE', {'name': 'WAPE', 'epsilon': 1.0}, {'name': 'WQL', 'epsilon': 1.0}]","[0.1, 0.2, 0.3, 0.4, 0.5, 0.6, 0.7, 0.8, 0.9]",id,timestamp,"['target_0', 'target_1', 'target_10', 'target_11', 'target_12', 'target_13', 'target_14', 'target_15', 'target_16', 'target_17', 'target_18', 'target_19', 'target_2', 'target_20', 'target_21', 'target_22', 'target_23', 'target_24', 'target_25', 'target_26', 'target_27', 'target_3', 'target_4', 'target_5', 'target_6', 'target_7', 'target_8', 'target_9']",,[],[],[],boomlet_963,0.7489767548966648,0.0,5.288935280404985,078a1fcb7a454b72,False,0.6.1,0.7489767548966648,0.8596144098930136,0.4120574240423074,0.3422623396128161,"{'context_length': 1032, 'model_name': 'citras-fm', 'batch_size': 256, 'device': device(type='cuda', index=0), 'seed': 123}",5.081430196762085
citras-fm,autogluon/fev_datasets,fred_md_2025,12,20,-240,12,1,,1,SQL,"['MASE', {'name': 'WAPE', 'epsilon': 1.0}, {'name': 'WQL', 'epsilon': 1.0}]","[0.1, 0.2, 0.3, 0.4, 0.5, 0.6, 0.7, 0.8, 0.9]",id,timestamp,"['CPIAUCSL', 'FEDFUNDS', 'PAYEMS']",,[],"['M2REAL', 'NONBORRES', 'PPICMM', 'TOTRESNS']",[],fred_md_2025/cee,3.742707125261575,0.0,1.6710929548135027,764e9294023ee081,False,0.6.1,3.742707125261575,4.357870913848788,0.086363164,0.073665786,"{'context_length': 1032, 'model_name': 'citras-fm', 'batch_size': 256, 'device': device(type='cuda', index=0), 'seed': 123}",1.5774650573730469
citras-fm,autogluon/fev_datasets,fred_qd_2025,8,20,-160,8,1,,1,SQL,"['MASE', {'name': 'WAPE', 'epsilon': 1.0}, {'name': 'WQL', 'epsilon': 1.0}]","[0.1, 0.2, 0.3, 0.4, 0.5, 0.6, 0.7, 0.8, 0.9]",id,timestamp,"['CPIAUCSL', 'FEDFUNDS', 'PAYEMS']",,[],"['M2REAL', 'NONBORRES', 'PPICMM', 'TOTRESNS']",[],fred_qd_2025/cee,2.085829997072279,0.0,1.0142730348743498,d257091c861020bf,False,0.6.1,2.085829997072279,2.7032668680938765,0.1704707093847294,0.1333583074646012,"{'context_length': 1032, 'model_name': 'citras-fm', 'batch_size': 256, 'device': device(type='cuda', index=0), 'seed': 123}",0.9351348876953124
citras-fm,autogluon/fev_datasets,fred_md_2025,12,20,-240,12,1,,1,SQL,"['MASE', {'name': 'WAPE', 'epsilon': 1.0}, {'name': 'WQL', 'epsilon': 1.0}]","[0.1, 0.2, 0.3, 0.4, 0.5, 0.6, 0.7, 0.8, 0.9]",id,timestamp,"['AAA', 'AWHMAN', 'BAA', 'BUSINVx', 'CPIAUCSL', 'CPIMEDSL', 'CUMFNS', 'DMANEMP', 'EXUSUKx', 'FEDFUNDS', 'GS1', 'GS10', 'GS5', 'HOUST', 'INDPRO', 'INVEST', 'IPBUSEQ', 'IPCONGD', 'IPDCONGD', 'IPDMAT', 'IPFINAL', 'IPMANSICS', 'IPMAT', 'IPNCONGD', 'IPNMAT', 'M2REAL', 'MANEMP', 'NDMANEMP', 'NONBORRES', 'PAYEMS', 'PERMIT', 'PPICMM', 'S&P 500', 'SRVPRD', 'TB3MS', 'TB6MS', 'TOTRESNS', 'UEMP15T26', 'UEMP27OV', 'UEMP5TO14', 'UEMPLT5', 'UEMPMEAN', 'UMCSENTx', 'UNRATE', 'USCONS', 'USFIRE', 'USGOOD', 'USGOVT', 'USTPU', 'USTRADE', 'VIXCLSx']",,[],[],[],fred_md_2025/macro,5.215768539269617,0.0,1.6344136712141335,764e9294023ee081,False,0.6.1,5.215768539269617,6.114909612373818,0.078294121,0.064978633,"{'context_length': 1032, 'model_name': 'citras-fm', 'batch_size': 256, 'device': device(type='cuda', index=0), 'seed': 123}",1.5304222106933594
citras-fm,autogluon/fev_datasets,fred_qd_2025,8,20,-160,8,1,,1,SQL,"['MASE', {'name': 'WAPE', 'epsilon': 1.0}, {'name': 'WQL', 'epsilon': 1.0}]","[0.1, 0.2, 0.3, 0.4, 0.5, 0.6, 0.7, 0.8, 0.9]",id,timestamp,"['AAA', 'AWHMAN', 'BAA', 'BUSINVx', 'CPIAUCSL', 'CPIMEDSL', 'CUMFNS', 'DMANEMP', 'EXUSUKx', 'FEDFUNDS', 'GS1', 'GS10', 'GS5', 'HOUST', 'INDPRO', 'INVEST', 'IPBUSEQ', 'IPCONGD', 'IPDCONGD', 'IPDMAT', 'IPFINAL', 'IPMANSICS', 'IPMAT', 'IPNCONGD', 'IPNMAT', 'M2REAL', 'MANEMP', 'NDMANEMP', 'NONBORRES', 'PAYEMS', 'PERMIT', 'PPICMM', 'S&P 500', 'SRVPRD', 'TB3MS', 'TB6MS', 'TOTRESNS', 'UEMP15T26', 'UEMP27OV', 'UEMP5TO14', 'UEMPLT5', 'UEMPMEAN', 'UMCSENTx', 'UNRATE', 'USCONS', 'USFIRE', 'USGOOD', 'USGOVT', 'USTPU', 'USTRADE', 'VIXCLSx']",,[],[],[],fred_qd_2025/macro,3.485506978805226,0.0,0.8158926067408174,d257091c861020bf,False,0.6.1,3.485506978805226,4.188447749,0.1059675091546595,0.085237494,"{'context_length': 1032, 'model_name': 'citras-fm', 'batch_size': 256, 'device': device(type='cuda', index=0), 'seed': 123}",0.7463245391845703
citras-fm,autogluon/fev_datasets,us_consumption_1M,12,10,-120,12,1,,12,SQL,"['MASE', {'name': 'WAPE', 'epsilon': 1.0}, {'name': 'WQL', 'epsilon': 1.0}]","[0.1, 0.2, 0.3, 0.4, 0.5, 0.6, 0.7, 0.8, 0.9]",id,timestamp,target,,[],[],[],us_consumption_1M,1.4905145286351953,0.0,1.0202139439061284,03c47cb66fc4f105,False,0.6.1,1.4905145286351953,1.798914569263908,0.022267568,0.018971356,"{'context_length': 1032, 'model_name': 'citras-fm', 'batch_size': 256, 'device': device(type='cuda', index=0), 'seed': 123}",0.6793510913848877
citras-fm,autogluon/fev_datasets,us_consumption_1Q,8,10,-80,8,1,,4,SQL,"['MASE', {'name': 'WAPE', 'epsilon': 1.0}, {'name': 'WQL', 'epsilon': 1.0}]","[0.1, 0.2, 0.3, 0.4, 0.5, 0.6, 0.7, 0.8, 0.9]",id,timestamp,target,,[],[],[],us_consumption_1Q,1.780745558592545,0.0,0.6046650944044814,91f975812d53dcb0,False,0.6.1,1.780745558592545,2.207096313480575,0.033419079,0.0282861714873008,"{'context_length': 1032, 'model_name': 'citras-fm', 'batch_size': 256, 'device': device(type='cuda', index=0), 'seed': 123}",0.3287315368652344
citras-fm,autogluon/fev_datasets,us_consumption_1Y,5,10,-50,5,1,,1,SQL,"['MASE', {'name': 'WAPE', 'epsilon': 1.0}, {'name': 'WQL', 'epsilon': 1.0}]","[0.1, 0.2, 0.3, 0.4, 0.5, 0.6, 0.7, 0.8, 0.9]",id,timestamp,target,,[],[],[],us_consumption_1Y,3.9383368716323433,0.0,0.5316130819264799,941764347d4458f0,False,0.6.1,3.9383368716323433,4.748622363014112,0.058018556,0.047015324,"{'context_length': 1032, 'model_name': 'citras-fm', 'batch_size': 256, 'device': device(type='cuda', index=0), 'seed': 123}",0.24723482131958
citras-fm,autogluon/fev_datasets,gvar,8,10,-80,8,1,,4,SQL,"['MASE', {'name': 'WAPE', 'epsilon': 1.0}, {'name': 'WQL', 'epsilon': 1.0}]","[0.1, 0.2, 0.3, 0.4, 0.5, 0.6, 0.7, 0.8, 0.9]",id,timestamp,"['Dp', 'ep', 'eq', 'lr', 'r', 'y']",,[],"['pmat', 'pmetal', 'poil']",[],gvar,0.5810223800505645,0.0,1.205003256793134,f9353d7e5df197ee,False,0.6.1,0.5810223800505645,0.7178383137879448,0.0184560998837696,0.0148827469289249,"{'context_length': 1032, 'model_name': 'citras-fm', 'batch_size': 256, 'device': device(type='cuda', index=0), 'seed': 123}",0.3364183902740478
