model_name,model_class,dataset_path,dataset_config,horizon,num_windows,initial_cutoff,window_step_size,min_context_length,max_context_length,seasonality,eval_metric,extra_metrics,quantile_levels,id_column,timestamp_column,target,generate_univariate_targets_from,known_dynamic_columns,past_dynamic_columns,static_columns,task_name,test_error,training_time_s,inference_time_s,num_forecasts,dataset_fingerprint,trained_on_this_dataset,fev_version,SQL,MASE,WAPE,WQL,model_kwargs,fev_commit
Toto-2.0-4m,toto-2.0,autogluon/fev_datasets,ETT_15T,96,20,-1920,96,1,,96,SQL,"['MASE', {'name': 'WAPE', 'epsilon': 1.0}, {'name': 'WQL', 'epsilon': 1.0}]","[0.1, 0.2, 0.3, 0.4, 0.5, 0.6, 0.7, 0.8, 0.9]",id,timestamp,"['HUFL', 'HULL', 'LUFL', 'LULL', 'MUFL', 'MULL', 'OT']",,[],[],[],ETT_15T,0.5675487844,0,0.967366575,280,b5dd9d1f1927aad6,False,0.9.0,0.5675487844,0.723840339,0.1165488051,0.0910278902,"{""model_path"": ""Datadog/Toto-2.0-4m"", ""batch_size"": 512}",357bc23
Toto-2.0-4m,toto-2.0,autogluon/fev_datasets,ETT_1D,28,20,-560,28,1,,7,SQL,"['MASE', {'name': 'WAPE', 'epsilon': 1.0}, {'name': 'WQL', 'epsilon': 1.0}]","[0.1, 0.2, 0.3, 0.4, 0.5, 0.6, 0.7, 0.8, 0.9]",id,timestamp,"['HUFL', 'HULL', 'LUFL', 'LULL', 'MUFL', 'MULL', 'OT']",,[],[],[],ETT_1D,1.1553237804,0,0.816242317,280,936cfaf2a3a6ab34,False,0.9.0,1.1553237804,1.377158803,0.3352292924,0.2703842771,"{""model_path"": ""Datadog/Toto-2.0-4m"", ""batch_size"": 512}",357bc23
Toto-2.0-4m,toto-2.0,autogluon/fev_datasets,ETT_1H,168,20,-3360,168,1,,24,SQL,"['MASE', {'name': 'WAPE', 'epsilon': 1.0}, {'name': 'WQL', 'epsilon': 1.0}]","[0.1, 0.2, 0.3, 0.4, 0.5, 0.6, 0.7, 0.8, 0.9]",id,timestamp,"['HUFL', 'HULL', 'LUFL', 'LULL', 'MUFL', 'MULL', 'OT']",,[],[],[],ETT_1H,0.8961325529,0,0.840934167,280,abd94afdf0b158e2,False,0.9.0,0.8961325529,1.1424635969,0.2487794037,0.1940800065,"{""model_path"": ""Datadog/Toto-2.0-4m"", ""batch_size"": 512}",357bc23
Toto-2.0-4m,toto-2.0,autogluon/fev_datasets,ETT_1W,13,5,-65,13,1,,1,SQL,"['MASE', {'name': 'WAPE', 'epsilon': 1.0}, {'name': 'WQL', 'epsilon': 1.0}]","[0.1, 0.2, 0.3, 0.4, 0.5, 0.6, 0.7, 0.8, 0.9]",id,timestamp,"['HUFL', 'HULL', 'LUFL', 'LULL', 'MUFL', 'MULL', 'OT']",,[],[],[],ETT_1W,2.2236416716,0,0.446785313,70,2e18066fd2e18f63,False,0.9.0,2.2236416716,2.563194657,0.4687525665,0.375313951,"{""model_path"": ""Datadog/Toto-2.0-4m"", ""batch_size"": 512}",357bc23
Toto-2.0-4m,toto-2.0,autogluon/fev_datasets,LOOP_SEATTLE_1D,28,10,-280,28,1,,7,SQL,"['MASE', {'name': 'WAPE', 'epsilon': 1.0}, {'name': 'WQL', 'epsilon': 1.0}]","[0.1, 0.2, 0.3, 0.4, 0.5, 0.6, 0.7, 0.8, 0.9]",id,timestamp,target,,[],[],[],LOOP_SEATTLE_1D,0.8358336164,0,2.503082334,3230,678fdb11fbd87309,False,0.9.0,0.8358336164,1.0347277286,0.0392369505,0.0316128852,"{""model_path"": ""Datadog/Toto-2.0-4m"", ""batch_size"": 512}",357bc23
Toto-2.0-4m,toto-2.0,autogluon/fev_datasets,LOOP_SEATTLE_1H,168,10,-1680,168,1,,24,SQL,"['MASE', {'name': 'WAPE', 'epsilon': 1.0}, {'name': 'WQL', 'epsilon': 1.0}]","[0.1, 0.2, 0.3, 0.4, 0.5, 0.6, 0.7, 0.8, 0.9]",id,timestamp,target,,[],[],[],LOOP_SEATTLE_1H,0.7372999633,0,4.037510684,3230,85c8da08d0377714,False,0.9.0,0.7372999633,0.9197608815,0.0795993086,0.0636305787,"{""model_path"": ""Datadog/Toto-2.0-4m"", ""batch_size"": 512}",357bc23
Toto-2.0-4m,toto-2.0,autogluon/fev_datasets,LOOP_SEATTLE_5T,288,10,-2880,288,1,,288,SQL,"['MASE', {'name': 'WAPE', 'epsilon': 1.0}, {'name': 'WQL', 'epsilon': 1.0}]","[0.1, 0.2, 0.3, 0.4, 0.5, 0.6, 0.7, 0.8, 0.9]",id,timestamp,target,,[],[],[],LOOP_SEATTLE_5T,0.5499692081,0,19.983878515,3230,ddf124d757f77e1e,False,0.9.0,0.5499692081,0.6934857939,0.0750912871,0.0595339252,"{""model_path"": ""Datadog/Toto-2.0-4m"", ""batch_size"": 512}",357bc23
Toto-2.0-4m,toto-2.0,autogluon/fev_datasets,M_DENSE_1D,28,10,-280,28,1,,7,SQL,"['MASE', {'name': 'WAPE', 'epsilon': 1.0}, {'name': 'WQL', 'epsilon': 1.0}]","[0.1, 0.2, 0.3, 0.4, 0.5, 0.6, 0.7, 0.8, 0.9]",id,timestamp,target,,[],[],[],M_DENSE_1D,0.8640470712,0,0.672113932,300,1ceaf27cc148581f,False,0.9.0,0.8640470712,1.0479700759,0.1124073754,0.0934896105,"{""model_path"": ""Datadog/Toto-2.0-4m"", ""batch_size"": 512}",357bc23
Toto-2.0-4m,toto-2.0,autogluon/fev_datasets,M_DENSE_1H,168,10,-1680,168,1,,24,SQL,"['MASE', {'name': 'WAPE', 'epsilon': 1.0}, {'name': 'WQL', 'epsilon': 1.0}]","[0.1, 0.2, 0.3, 0.4, 0.5, 0.6, 0.7, 0.8, 0.9]",id,timestamp,target,,[],[],[],M_DENSE_1H,0.7094885956,0,0.910159531,300,a291fe961233f488,False,0.9.0,0.7094885956,0.8808963281000001,0.1835893874,0.1484773567,"{""model_path"": ""Datadog/Toto-2.0-4m"", ""batch_size"": 512}",357bc23
Toto-2.0-4m,toto-2.0,autogluon/fev_datasets,SZ_TAXI_15T,96,10,-960,96,1,,96,SQL,"['MASE', {'name': 'WAPE', 'epsilon': 1.0}, {'name': 'WQL', 'epsilon': 1.0}]","[0.1, 0.2, 0.3, 0.4, 0.5, 0.6, 0.7, 0.8, 0.9]",id,timestamp,target,,[],[],[],SZ_TAXI_15T,0.4009676894,0,1.555451273,1560,947f77f0c19ac7ce,False,0.9.0,0.4009676894,0.5087373921,0.2432725185,0.191384151,"{""model_path"": ""Datadog/Toto-2.0-4m"", ""batch_size"": 512}",357bc23
Toto-2.0-4m,toto-2.0,autogluon/fev_datasets,SZ_TAXI_1H,168,2,-336,168,1,,24,SQL,"['MASE', {'name': 'WAPE', 'epsilon': 1.0}, {'name': 'WQL', 'epsilon': 1.0}]","[0.1, 0.2, 0.3, 0.4, 0.5, 0.6, 0.7, 0.8, 0.9]",id,timestamp,target,,[],[],[],SZ_TAXI_1H,0.4021064715,0,0.5414027840000001,312,c8fc2c774fa27320,False,0.9.0,0.4021064715,0.495501714,0.1660172808,0.1347664611,"{""model_path"": ""Datadog/Toto-2.0-4m"", ""batch_size"": 512}",357bc23
Toto-2.0-4m,toto-2.0,autogluon/fev_datasets,australian_tourism,8,2,-16,8,1,,4,SQL,"['MASE', {'name': 'WAPE', 'epsilon': 1.0}, {'name': 'WQL', 'epsilon': 1.0}]","[0.1, 0.2, 0.3, 0.4, 0.5, 0.6, 0.7, 0.8, 0.9]",id,timestamp,target,,[],[],[],australian_tourism,0.9292371474,0,0.447558775,178,67065ff520a65e45,False,0.9.0,0.9292371474,1.1731406372,0.1434159682,0.1125261016,"{""model_path"": ""Datadog/Toto-2.0-4m"", ""batch_size"": 512}",357bc23
Toto-2.0-4m,toto-2.0,autogluon/fev_datasets,bizitobs_l2c_1H,24,20,-480,24,1,,24,SQL,"['MASE', {'name': 'WAPE', 'epsilon': 1.0}, {'name': 'WQL', 'epsilon': 1.0}]","[0.1, 0.2, 0.3, 0.4, 0.5, 0.6, 0.7, 0.8, 0.9]",id,timestamp,"['target_0', 'target_1', 'target_2', 'target_3', 'target_4', 'target_5', 'target_6']",,[],[],[],bizitobs_l2c_1H,0.3348758244,0,0.786650297,140,167357ba0cdd59b2,False,0.9.0,0.3348758244,0.4234612798,0.3887154792,0.3127927463,"{""model_path"": ""Datadog/Toto-2.0-4m"", ""batch_size"": 512}",357bc23
Toto-2.0-4m,toto-2.0,autogluon/fev_datasets,bizitobs_l2c_5T,288,20,-5760,288,1,,288,SQL,"['MASE', {'name': 'WAPE', 'epsilon': 1.0}, {'name': 'WQL', 'epsilon': 1.0}]","[0.1, 0.2, 0.3, 0.4, 0.5, 0.6, 0.7, 0.8, 0.9]",id,timestamp,"['target_0', 'target_1', 'target_2', 'target_3', 'target_4', 'target_5', 'target_6']",,[],[],[],bizitobs_l2c_5T,0.6229673872,0,0.823078289,140,89ab1ca4d8dbeb4e,False,0.9.0,0.6229673872,0.7280379650000001,1.1670127242,1.0471463511,"{""model_path"": ""Datadog/Toto-2.0-4m"", ""batch_size"": 512}",357bc23
Toto-2.0-4m,toto-2.0,autogluon/fev_datasets,boomlet_1062,288,20,-5760,288,1,,288,SQL,"['MASE', {'name': 'WAPE', 'epsilon': 1.0}, {'name': 'WQL', 'epsilon': 1.0}]","[0.1, 0.2, 0.3, 0.4, 0.5, 0.6, 0.7, 0.8, 0.9]",id,timestamp,"['target_0', 'target_1', 'target_10', 'target_11', 'target_12', 'target_13', 'target_14', 'target_15', 'target_16', 'target_17', 'target_18', 'target_19', 'target_2', 'target_20', 'target_3', 'target_4', 'target_5', 'target_6', 'target_7', 'target_8', 'target_9']",,[],[],[],boomlet_1062,0.5418768895,0,0.811647647,420,5315f65aa45f55db,False,0.9.0,0.5418768895,0.6681502327000001,0.5662882778,0.4532902104,"{""model_path"": ""Datadog/Toto-2.0-4m"", ""batch_size"": 512}",357bc23
Toto-2.0-4m,toto-2.0,autogluon/fev_datasets,boomlet_1209,288,20,-5760,288,1,,288,SQL,"['MASE', {'name': 'WAPE', 'epsilon': 1.0}, {'name': 'WQL', 'epsilon': 1.0}]","[0.1, 0.2, 0.3, 0.4, 0.5, 0.6, 0.7, 0.8, 0.9]",id,timestamp,"['target_0', 'target_1', 'target_10', 'target_11', 'target_12', 'target_13', 'target_14', 'target_15', 'target_16', 'target_17', 'target_18', 'target_19', 'target_2', 'target_20', 'target_21', 'target_22', 'target_23', 'target_24', 'target_25', 'target_26', 'target_27', 'target_28', 'target_29', 'target_3', 'target_30', 'target_31', 'target_32', 'target_33', 'target_34', 'target_35', 'target_36', 'target_37', 'target_38', 'target_39', 'target_4', 'target_40', 'target_41', 'target_42', 'target_43', 'target_44', 'target_45', 'target_46', 'target_47', 'target_48', 'target_49', 'target_5', 'target_50', 'target_51', 'target_52', 'target_6', 'target_7', 'target_8', 'target_9']",,[],[],[],boomlet_1209,0.6479343819000001,0,0.831972793,1060,af76fff1b484ede3,False,0.9.0,0.6479343819000001,0.7548459037,0.2956766258,0.2509175761,"{""model_path"": ""Datadog/Toto-2.0-4m"", ""batch_size"": 512}",357bc23
Toto-2.0-4m,toto-2.0,autogluon/fev_datasets,boomlet_1225,60,20,-1200,60,1,,1440,SQL,"['MASE', {'name': 'WAPE', 'epsilon': 1.0}, {'name': 'WQL', 'epsilon': 1.0}]","[0.1, 0.2, 0.3, 0.4, 0.5, 0.6, 0.7, 0.8, 0.9]",id,timestamp,"['target_0', 'target_1', 'target_10', 'target_11', 'target_12', 'target_13', 'target_14', 'target_15', 'target_16', 'target_17', 'target_18', 'target_19', 'target_2', 'target_20', 'target_21', 'target_22', 'target_23', 'target_24', 'target_25', 'target_26', 'target_27', 'target_28', 'target_29', 'target_3', 'target_30', 'target_31', 'target_32', 'target_33', 'target_34', 'target_35', 'target_36', 'target_37', 'target_38', 'target_39', 'target_4', 'target_40', 'target_41', 'target_42', 'target_43', 'target_44', 'target_45', 'target_46', 'target_47', 'target_48', 'target_5', 'target_6', 'target_7', 'target_8', 'target_9']",,[],[],[],boomlet_1225,0.1857979376,0,0.828071235,980,53a43cd2c9c7ebf1,False,0.9.0,0.1857979376,0.2319546529,0.1220553664,0.098032793,"{""model_path"": ""Datadog/Toto-2.0-4m"", ""batch_size"": 512}",357bc23
Toto-2.0-4m,toto-2.0,autogluon/fev_datasets,boomlet_1230,288,20,-5760,288,1,,288,SQL,"['MASE', {'name': 'WAPE', 'epsilon': 1.0}, {'name': 'WQL', 'epsilon': 1.0}]","[0.1, 0.2, 0.3, 0.4, 0.5, 0.6, 0.7, 0.8, 0.9]",id,timestamp,"['target_0', 'target_1', 'target_10', 'target_11', 'target_12', 'target_13', 'target_14', 'target_15', 'target_16', 'target_17', 'target_18', 'target_19', 'target_2', 'target_20', 'target_21', 'target_22', 'target_3', 'target_4', 'target_5', 'target_6', 'target_7', 'target_8', 'target_9']",,[],[],[],boomlet_1230,1.1421118962,0,0.8054184780000001,460,6e7b8e026660d41c,False,0.9.0,1.1421118962,1.2886466565,0.2930834114,0.2516059078,"{""model_path"": ""Datadog/Toto-2.0-4m"", ""batch_size"": 512}",357bc23
Toto-2.0-4m,toto-2.0,autogluon/fev_datasets,boomlet_1282,60,20,-1200,60,1,,1440,SQL,"['MASE', {'name': 'WAPE', 'epsilon': 1.0}, {'name': 'WQL', 'epsilon': 1.0}]","[0.1, 0.2, 0.3, 0.4, 0.5, 0.6, 0.7, 0.8, 0.9]",id,timestamp,"['target_0', 'target_1', 'target_10', 'target_11', 'target_12', 'target_13', 'target_14', 'target_15', 'target_16', 'target_17', 'target_18', 'target_19', 'target_2', 'target_20', 'target_21', 'target_22', 'target_23', 'target_24', 'target_25', 'target_26', 'target_27', 'target_28', 'target_29', 'target_3', 'target_30', 'target_31', 'target_32', 'target_33', 'target_34', 'target_4', 'target_5', 'target_6', 'target_7', 'target_8', 'target_9']",,[],[],[],boomlet_1282,0.4129995924,0,0.842457215,700,c0f21ca23524dd1f,False,0.9.0,0.4129995924,0.5044697129,0.3482339761,0.2823022293,"{""model_path"": ""Datadog/Toto-2.0-4m"", ""batch_size"": 512}",357bc23
Toto-2.0-4m,toto-2.0,autogluon/fev_datasets,boomlet_1487,288,20,-5760,288,1,,288,SQL,"['MASE', {'name': 'WAPE', 'epsilon': 1.0}, {'name': 'WQL', 'epsilon': 1.0}]","[0.1, 0.2, 0.3, 0.4, 0.5, 0.6, 0.7, 0.8, 0.9]",id,timestamp,"['target_0', 'target_1', 'target_10', 'target_11', 'target_12', 'target_13', 'target_14', 'target_15', 'target_16', 'target_17', 'target_18', 'target_19', 'target_2', 'target_20', 'target_21', 'target_22', 'target_23', 'target_24', 'target_25', 'target_26', 'target_27', 'target_28', 'target_29', 'target_3', 'target_30', 'target_31', 'target_32', 'target_33', 'target_34', 'target_35', 'target_36', 'target_37', 'target_38', 'target_39', 'target_4', 'target_40', 'target_41', 'target_42', 'target_43', 'target_44', 'target_45', 'target_46', 'target_47', 'target_48', 'target_49', 'target_5', 'target_50', 'target_51', 'target_52', 'target_53', 'target_6', 'target_7', 'target_8', 'target_9']",,[],[],[],boomlet_1487,0.4260201682,0,0.8324069590000001,1080,230d7ec998d3cbb2,False,0.9.0,0.4260201682,0.5140178453,0.2026428062,0.1677403883,"{""model_path"": ""Datadog/Toto-2.0-4m"", ""batch_size"": 512}",357bc23
Toto-2.0-4m,toto-2.0,autogluon/fev_datasets,boomlet_1631,96,20,-1920,96,1,,48,SQL,"['MASE', {'name': 'WAPE', 'epsilon': 1.0}, {'name': 'WQL', 'epsilon': 1.0}]","[0.1, 0.2, 0.3, 0.4, 0.5, 0.6, 0.7, 0.8, 0.9]",id,timestamp,"['target_0', 'target_1', 'target_10', 'target_11', 'target_12', 'target_13', 'target_14', 'target_15', 'target_16', 'target_17', 'target_18', 'target_19', 'target_2', 'target_20', 'target_21', 'target_22', 'target_23', 'target_24', 'target_25', 'target_26', 'target_27', 'target_28', 'target_29', 'target_3', 'target_30', 'target_31', 'target_32', 'target_33', 'target_34', 'target_35', 'target_36', 'target_37', 'target_38', 'target_39', 'target_4', 'target_5', 'target_6', 'target_7', 'target_8', 'target_9']",,[],[],[],boomlet_1631,0.5806484029,0,0.8058727670000001,800,d69b69e987e32a2b,False,0.9.0,0.5806484029,0.7249658802000001,0.3163039351,0.2527798035,"{""model_path"": ""Datadog/Toto-2.0-4m"", ""batch_size"": 512}",357bc23
Toto-2.0-4m,toto-2.0,autogluon/fev_datasets,boomlet_1676,96,20,-1920,96,1,,48,SQL,"['MASE', {'name': 'WAPE', 'epsilon': 1.0}, {'name': 'WQL', 'epsilon': 1.0}]","[0.1, 0.2, 0.3, 0.4, 0.5, 0.6, 0.7, 0.8, 0.9]",id,timestamp,"['target_0', 'target_1', 'target_10', 'target_11', 'target_12', 'target_13', 'target_14', 'target_15', 'target_16', 'target_17', 'target_18', 'target_19', 'target_2', 'target_20', 'target_21', 'target_22', 'target_23', 'target_24', 'target_25', 'target_26', 'target_27', 'target_28', 'target_29', 'target_3', 'target_30', 'target_31', 'target_32', 'target_33', 'target_34', 'target_35', 'target_36', 'target_37', 'target_38', 'target_39', 'target_4', 'target_40', 'target_41', 'target_42', 'target_43', 'target_44', 'target_45', 'target_46', 'target_47', 'target_48', 'target_49', 'target_5', 'target_50', 'target_51', 'target_52', 'target_53', 'target_54', 'target_55', 'target_56', 'target_57', 'target_58', 'target_59', 'target_6', 'target_60', 'target_61', 'target_62', 'target_63', 'target_64', 'target_65', 'target_66', 'target_67', 'target_68', 'target_69', 'target_7', 'target_70', 'target_71', 'target_72', 'target_73', 'target_74', 'target_75', 'target_76', 'target_77', 'target_78', 'target_79', 'target_8', 'target_80', 'target_81', 'target_82', 'target_83', 'target_84', 'target_85', 'target_86', 'target_87', 'target_88', 'target_89', 'target_9', 'target_90', 'target_91', 'target_92', 'target_93', 'target_94', 'target_95', 'target_96', 'target_97', 'target_98', 'target_99']",,[],[],[],boomlet_1676,0.5561889279000001,0,0.97534212,2000,027ec0ef1e78a6f2,False,0.9.0,0.5561889279000001,0.6926736692000001,0.3161557532,0.2490162864,"{""model_path"": ""Datadog/Toto-2.0-4m"", ""batch_size"": 512}",357bc23
Toto-2.0-4m,toto-2.0,autogluon/fev_datasets,boomlet_1855,24,20,-480,24,1,,24,SQL,"['MASE', {'name': 'WAPE', 'epsilon': 1.0}, {'name': 'WQL', 'epsilon': 1.0}]","[0.1, 0.2, 0.3, 0.4, 0.5, 0.6, 0.7, 0.8, 0.9]",id,timestamp,"['target_0', 'target_1', 'target_10', 'target_11', 'target_12', 'target_13', 'target_14', 'target_15', 'target_16', 'target_17', 'target_18', 'target_19', 'target_2', 'target_20', 'target_21', 'target_22', 'target_23', 'target_24', 'target_25', 'target_26', 'target_27', 'target_28', 'target_29', 'target_3', 'target_30', 'target_31', 'target_32', 'target_33', 'target_34', 'target_35', 'target_36', 'target_37', 'target_38', 'target_39', 'target_4', 'target_40', 'target_41', 'target_42', 'target_43', 'target_44', 'target_45', 'target_46', 'target_47', 'target_48', 'target_49', 'target_5', 'target_50', 'target_51', 'target_6', 'target_7', 'target_8', 'target_9']",,[],[],[],boomlet_1855,0.4492351264,0,0.8115130890000001,1040,cd1d53a59eac2c8a,False,0.9.0,0.4492351264,0.5273872371,0.1576210054,0.1344972702,"{""model_path"": ""Datadog/Toto-2.0-4m"", ""batch_size"": 512}",357bc23
Toto-2.0-4m,toto-2.0,autogluon/fev_datasets,boomlet_1975,24,20,-480,24,1,,24,SQL,"['MASE', {'name': 'WAPE', 'epsilon': 1.0}, {'name': 'WQL', 'epsilon': 1.0}]","[0.1, 0.2, 0.3, 0.4, 0.5, 0.6, 0.7, 0.8, 0.9]",id,timestamp,"['target_0', 'target_1', 'target_10', 'target_11', 'target_12', 'target_13', 'target_14', 'target_15', 'target_16', 'target_17', 'target_18', 'target_19', 'target_2', 'target_20', 'target_21', 'target_22', 'target_23', 'target_24', 'target_25', 'target_26', 'target_27', 'target_28', 'target_29', 'target_3', 'target_30', 'target_31', 'target_32', 'target_33', 'target_34', 'target_35', 'target_36', 'target_37', 'target_38', 'target_39', 'target_4', 'target_40', 'target_41', 'target_42', 'target_43', 'target_44', 'target_45', 'target_46', 'target_47', 'target_48', 'target_49', 'target_5', 'target_50', 'target_51', 'target_52', 'target_53', 'target_54', 'target_55', 'target_56', 'target_57', 'target_58', 'target_59', 'target_6', 'target_60', 'target_61', 'target_62', 'target_63', 'target_64', 'target_65', 'target_66', 'target_67', 'target_68', 'target_69', 'target_7', 'target_70', 'target_71', 'target_72', 'target_73', 'target_74', 'target_8', 'target_9']",,[],[],[],boomlet_1975,0.1451597334,0,0.842237071,1500,7e9816ee39ec8d75,False,0.9.0,0.1451597334,0.1731066392,0.0984766355,0.0823803293,"{""model_path"": ""Datadog/Toto-2.0-4m"", ""batch_size"": 512}",357bc23
Toto-2.0-4m,toto-2.0,autogluon/fev_datasets,boomlet_2187,24,20,-480,24,1,,24,SQL,"['MASE', {'name': 'WAPE', 'epsilon': 1.0}, {'name': 'WQL', 'epsilon': 1.0}]","[0.1, 0.2, 0.3, 0.4, 0.5, 0.6, 0.7, 0.8, 0.9]",id,timestamp,"['target_0', 'target_1', 'target_10', 'target_11', 'target_12', 'target_13', 'target_14', 'target_15', 'target_16', 'target_17', 'target_18', 'target_19', 'target_2', 'target_20', 'target_21', 'target_22', 'target_23', 'target_24', 'target_25', 'target_26', 'target_27', 'target_28', 'target_29', 'target_3', 'target_30', 'target_31', 'target_32', 'target_33', 'target_34', 'target_35', 'target_36', 'target_37', 'target_38', 'target_39', 'target_4', 'target_40', 'target_41', 'target_42', 'target_43', 'target_44', 'target_45', 'target_46', 'target_47', 'target_48', 'target_49', 'target_5', 'target_50', 'target_51', 'target_52', 'target_53', 'target_54', 'target_55', 'target_56', 'target_57', 'target_58', 'target_59', 'target_6', 'target_60', 'target_61', 'target_62', 'target_63', 'target_64', 'target_65', 'target_66', 'target_67', 'target_68', 'target_69', 'target_7', 'target_70', 'target_71', 'target_72', 'target_73', 'target_74', 'target_75', 'target_76', 'target_77', 'target_78', 'target_79', 'target_8', 'target_80', 'target_81', 'target_82', 'target_83', 'target_84', 'target_85', 'target_86', 'target_87', 'target_88', 'target_89', 'target_9', 'target_90', 'target_91', 'target_92', 'target_93', 'target_94', 'target_95', 'target_96', 'target_97', 'target_98', 'target_99']",,[],[],[],boomlet_2187,0.7194559635000001,0,0.941186837,2000,8afbba40b02d520a,False,0.9.0,0.7194559635000001,0.8149521723,0.268655356,0.2347347998,"{""model_path"": ""Datadog/Toto-2.0-4m"", ""batch_size"": 512}",357bc23
Toto-2.0-4m,toto-2.0,autogluon/fev_datasets,boomlet_285,60,20,-1200,60,1,,1440,SQL,"['MASE', {'name': 'WAPE', 'epsilon': 1.0}, {'name': 'WQL', 'epsilon': 1.0}]","[0.1, 0.2, 0.3, 0.4, 0.5, 0.6, 0.7, 0.8, 0.9]",id,timestamp,"['target_0', 'target_1', 'target_10', 'target_11', 'target_12', 'target_13', 'target_14', 'target_15', 'target_16', 'target_17', 'target_18', 'target_19', 'target_2', 'target_20', 'target_21', 'target_22', 'target_23', 'target_24', 'target_25', 'target_26', 'target_27', 'target_28', 'target_29', 'target_3', 'target_30', 'target_31', 'target_32', 'target_33', 'target_34', 'target_35', 'target_36', 'target_37', 'target_38', 'target_39', 'target_4', 'target_40', 'target_41', 'target_42', 'target_43', 'target_44', 'target_45', 'target_46', 'target_47', 'target_48', 'target_49', 'target_5', 'target_50', 'target_51', 'target_52', 'target_53', 'target_54', 'target_55', 'target_56', 'target_57', 'target_58', 'target_59', 'target_6', 'target_60', 'target_61', 'target_62', 'target_63', 'target_64', 'target_65', 'target_66', 'target_67', 'target_68', 'target_69', 'target_7', 'target_70', 'target_71', 'target_72', 'target_73', 'target_74', 'target_8', 'target_9']",,[],[],[],boomlet_285,0.3218176679,0,0.8664904470000001,1500,b08e8ba2a228e2e5,False,0.9.0,0.3218176679,0.3682962451,0.1644625376,0.1369389616,"{""model_path"": ""Datadog/Toto-2.0-4m"", ""batch_size"": 512}",357bc23
Toto-2.0-4m,toto-2.0,autogluon/fev_datasets,boomlet_619,60,20,-1200,60,1,,1440,SQL,"['MASE', {'name': 'WAPE', 'epsilon': 1.0}, {'name': 'WQL', 'epsilon': 1.0}]","[0.1, 0.2, 0.3, 0.4, 0.5, 0.6, 0.7, 0.8, 0.9]",id,timestamp,"['target_0', 'target_1', 'target_10', 'target_11', 'target_12', 'target_13', 'target_14', 'target_15', 'target_16', 'target_17', 'target_18', 'target_19', 'target_2', 'target_20', 'target_21', 'target_22', 'target_23', 'target_24', 'target_25', 'target_26', 'target_27', 'target_28', 'target_29', 'target_3', 'target_30', 'target_31', 'target_32', 'target_33', 'target_34', 'target_35', 'target_36', 'target_37', 'target_38', 'target_39', 'target_4', 'target_40', 'target_41', 'target_42', 'target_43', 'target_44', 'target_45', 'target_46', 'target_47', 'target_48', 'target_49', 'target_5', 'target_50', 'target_51', 'target_6', 'target_7', 'target_8', 'target_9']",,[],[],[],boomlet_619,0.3135556532,0,0.8299577330000001,1040,a20d9d612ea2e091,False,0.9.0,0.3135556532,0.4108826152,0.2870848363,0.2202544188,"{""model_path"": ""Datadog/Toto-2.0-4m"", ""batch_size"": 512}",357bc23
Toto-2.0-4m,toto-2.0,autogluon/fev_datasets,boomlet_772,60,20,-1200,60,1,,1440,SQL,"['MASE', {'name': 'WAPE', 'epsilon': 1.0}, {'name': 'WQL', 'epsilon': 1.0}]","[0.1, 0.2, 0.3, 0.4, 0.5, 0.6, 0.7, 0.8, 0.9]",id,timestamp,"['target_0', 'target_1', 'target_10', 'target_11', 'target_12', 'target_13', 'target_14', 'target_15', 'target_16', 'target_17', 'target_18', 'target_19', 'target_2', 'target_20', 'target_21', 'target_22', 'target_23', 'target_24', 'target_25', 'target_26', 'target_27', 'target_28', 'target_29', 'target_3', 'target_30', 'target_31', 'target_32', 'target_33', 'target_34', 'target_35', 'target_36', 'target_37', 'target_38', 'target_39', 'target_4', 'target_40', 'target_41', 'target_42', 'target_43', 'target_44', 'target_45', 'target_46', 'target_47', 'target_48', 'target_49', 'target_5', 'target_50', 'target_51', 'target_52', 'target_53', 'target_54', 'target_55', 'target_56', 'target_57', 'target_58', 'target_59', 'target_6', 'target_60', 'target_61', 'target_62', 'target_63', 'target_64', 'target_65', 'target_66', 'target_7', 'target_8', 'target_9']",,[],[],[],boomlet_772,0.2902362244,0,0.8415030910000001,1340,65e5cc1b1b902449,False,0.9.0,0.2902362244,0.338194603,0.157764458,0.1334271117,"{""model_path"": ""Datadog/Toto-2.0-4m"", ""batch_size"": 512}",357bc23
Toto-2.0-4m,toto-2.0,autogluon/fev_datasets,boomlet_963,60,20,-1200,60,1,,1440,SQL,"['MASE', {'name': 'WAPE', 'epsilon': 1.0}, {'name': 'WQL', 'epsilon': 1.0}]","[0.1, 0.2, 0.3, 0.4, 0.5, 0.6, 0.7, 0.8, 0.9]",id,timestamp,"['target_0', 'target_1', 'target_10', 'target_11', 'target_12', 'target_13', 'target_14', 'target_15', 'target_16', 'target_17', 'target_18', 'target_19', 'target_2', 'target_20', 'target_21', 'target_22', 'target_23', 'target_24', 'target_25', 'target_26', 'target_27', 'target_3', 'target_4', 'target_5', 'target_6', 'target_7', 'target_8', 'target_9']",,[],[],[],boomlet_963,0.7229660492000001,0,0.8471892040000001,560,45e417d57b7c8664,False,0.9.0,0.7229660492000001,0.8394387670000001,0.3814302709,0.3185355621,"{""model_path"": ""Datadog/Toto-2.0-4m"", ""batch_size"": 512}",357bc23
Toto-2.0-4m,toto-2.0,autogluon/fev_datasets,ecdc_ili,13,10,-130,13,1,,1,SQL,"['MASE', {'name': 'WAPE', 'epsilon': 1.0}, {'name': 'WQL', 'epsilon': 1.0}]","[0.1, 0.2, 0.3, 0.4, 0.5, 0.6, 0.7, 0.8, 0.9]",id,timestamp,target,,[],[],[],ecdc_ili,2.5338166452,0,0.635027126,240,e72cf15c97fc1dd6,False,0.9.0,2.5338166452,3.0258995,0.4694937859,0.4016054767,"{""model_path"": ""Datadog/Toto-2.0-4m"", ""batch_size"": 512}",357bc23
Toto-2.0-4m,toto-2.0,autogluon/fev_datasets,entsoe_15T,96,20,-1920,96,1,,96,SQL,"['MASE', {'name': 'WAPE', 'epsilon': 1.0}, {'name': 'WQL', 'epsilon': 1.0}]","[0.1, 0.2, 0.3, 0.4, 0.5, 0.6, 0.7, 0.8, 0.9]",id,timestamp,target,,"['radiation_diffuse_horizontal', 'radiation_direct_horizontal', 'temperature']",[],[],entsoe_15T,0.5883233504000001,0,2.065749577,120,762c7ee326587aa2,False,0.9.0,0.5883233504000001,0.7510873579,0.0592820056,0.0461939652,"{""model_path"": ""Datadog/Toto-2.0-4m"", ""batch_size"": 512}",357bc23
Toto-2.0-4m,toto-2.0,autogluon/fev_datasets,entsoe_1H,168,20,-3360,168,1,,24,SQL,"['MASE', {'name': 'WAPE', 'epsilon': 1.0}, {'name': 'WQL', 'epsilon': 1.0}]","[0.1, 0.2, 0.3, 0.4, 0.5, 0.6, 0.7, 0.8, 0.9]",id,timestamp,target,,"['radiation_diffuse_horizontal', 'radiation_direct_horizontal', 'temperature']",[],[],entsoe_1H,0.5183088057,0,1.137081661,120,aff93292e497726b,False,0.9.0,0.5183088057,0.6434937263,0.0392701114,0.0319005016,"{""model_path"": ""Datadog/Toto-2.0-4m"", ""batch_size"": 512}",357bc23
Toto-2.0-4m,toto-2.0,autogluon/fev_datasets,entsoe_30T,96,20,-1920,96,1,,48,SQL,"['MASE', {'name': 'WAPE', 'epsilon': 1.0}, {'name': 'WQL', 'epsilon': 1.0}]","[0.1, 0.2, 0.3, 0.4, 0.5, 0.6, 0.7, 0.8, 0.9]",id,timestamp,target,,"['radiation_diffuse_horizontal', 'radiation_direct_horizontal', 'temperature']",[],[],entsoe_30T,0.5550284881,0,1.441927424,120,0416fc7d5fcf96e2,False,0.9.0,0.5550284881,0.6901045677000001,0.0440758761,0.036241917,"{""model_path"": ""Datadog/Toto-2.0-4m"", ""batch_size"": 512}",357bc23
Toto-2.0-4m,toto-2.0,autogluon/fev_datasets,epf_be,24,20,-480,24,1,,24,SQL,"['MASE', {'name': 'WAPE', 'epsilon': 1.0}, {'name': 'WQL', 'epsilon': 1.0}]","[0.1, 0.2, 0.3, 0.4, 0.5, 0.6, 0.7, 0.8, 0.9]",id,timestamp,target,,"['Generation forecast', 'System load forecast']",[],[],epf_be,0.5671427583,0,0.851554098,20,eacac43cdbd837ec,False,0.9.0,0.5671427583,0.7241654255000001,0.1349344446,0.1056879737,"{""model_path"": ""Datadog/Toto-2.0-4m"", ""batch_size"": 512}",357bc23
Toto-2.0-4m,toto-2.0,autogluon/fev_datasets,epf_de,24,20,-480,24,1,,24,SQL,"['MASE', {'name': 'WAPE', 'epsilon': 1.0}, {'name': 'WQL', 'epsilon': 1.0}]","[0.1, 0.2, 0.3, 0.4, 0.5, 0.6, 0.7, 0.8, 0.9]",id,timestamp,target,,"['Ampirion Load Forecast', 'PV+Wind Forecast']",[],[],epf_de,1.0153757746,0,0.8463688370000001,20,ad020fd54ab7078f,False,0.9.0,1.0153757746,1.2874905998,0.5778780089000001,0.4621323091,"{""model_path"": ""Datadog/Toto-2.0-4m"", ""batch_size"": 512}",357bc23
Toto-2.0-4m,toto-2.0,autogluon/fev_datasets,epf_fr,24,20,-480,24,1,,24,SQL,"['MASE', {'name': 'WAPE', 'epsilon': 1.0}, {'name': 'WQL', 'epsilon': 1.0}]","[0.1, 0.2, 0.3, 0.4, 0.5, 0.6, 0.7, 0.8, 0.9]",id,timestamp,target,,"['Generation forecast', 'System load forecast']",[],[],epf_fr,0.4373481725,0,0.850203608,20,dfce2cfc9cbcf380,False,0.9.0,0.4373481725,0.5498386051,0.0867301313,0.069329218,"{""model_path"": ""Datadog/Toto-2.0-4m"", ""batch_size"": 512}",357bc23
Toto-2.0-4m,toto-2.0,autogluon/fev_datasets,epf_np,24,20,-480,24,1,,24,SQL,"['MASE', {'name': 'WAPE', 'epsilon': 1.0}, {'name': 'WQL', 'epsilon': 1.0}]","[0.1, 0.2, 0.3, 0.4, 0.5, 0.6, 0.7, 0.8, 0.9]",id,timestamp,target,,"['Grid load forecast', 'Wind power forecast']",[],[],epf_np,1.1539374354,0,0.8427727370000001,20,0a17a2edca8b0670,False,0.9.0,1.1539374354,1.4172606236,0.0634048451,0.0514617867,"{""model_path"": ""Datadog/Toto-2.0-4m"", ""batch_size"": 512}",357bc23
Toto-2.0-4m,toto-2.0,autogluon/fev_datasets,epf_pjm,24,20,-480,24,1,,24,SQL,"['MASE', {'name': 'WAPE', 'epsilon': 1.0}, {'name': 'WQL', 'epsilon': 1.0}]","[0.1, 0.2, 0.3, 0.4, 0.5, 0.6, 0.7, 0.8, 0.9]",id,timestamp,target,,"['System load forecast', 'Zonal COMED load foecast']",[],[],epf_pjm,0.4181511903,0,0.8483633610000001,20,6752d1881d4327d6,False,0.9.0,0.4181511903,0.5260131896,0.093154341,0.0738735407,"{""model_path"": ""Datadog/Toto-2.0-4m"", ""batch_size"": 512}",357bc23
Toto-2.0-4m,toto-2.0,autogluon/fev_datasets,ercot_1D,28,20,-560,28,1,,7,SQL,"['MASE', {'name': 'WAPE', 'epsilon': 1.0}, {'name': 'WQL', 'epsilon': 1.0}]","[0.1, 0.2, 0.3, 0.4, 0.5, 0.6, 0.7, 0.8, 0.9]",id,timestamp,target,,[],[],[],ercot_1D,0.8594344444,0,0.901052257,160,60f5c61c335ca94b,False,0.9.0,0.8594344444,1.1099477241,0.0808351619,0.0622512311,"{""model_path"": ""Datadog/Toto-2.0-4m"", ""batch_size"": 512}",357bc23
Toto-2.0-4m,toto-2.0,autogluon/fev_datasets,ercot_1H,168,20,-3360,168,1,,24,SQL,"['MASE', {'name': 'WAPE', 'epsilon': 1.0}, {'name': 'WQL', 'epsilon': 1.0}]","[0.1, 0.2, 0.3, 0.4, 0.5, 0.6, 0.7, 0.8, 0.9]",id,timestamp,target,,[],[],[],ercot_1H,1.1254333272,0,2.168754696,160,9dac00f9725bae76,False,0.9.0,1.1254333272,1.4387363625,0.0740544164,0.0578080842,"{""model_path"": ""Datadog/Toto-2.0-4m"", ""batch_size"": 512}",357bc23
Toto-2.0-4m,toto-2.0,autogluon/fev_datasets,ercot_1M,12,15,-180,12,1,,12,SQL,"['MASE', {'name': 'WAPE', 'epsilon': 1.0}, {'name': 'WQL', 'epsilon': 1.0}]","[0.1, 0.2, 0.3, 0.4, 0.5, 0.6, 0.7, 0.8, 0.9]",id,timestamp,target,,[],[],[],ercot_1M,0.8388079947,0,0.7108630920000001,120,f718a7351f27a9ca,False,0.9.0,0.8388079947,1.0538329276,0.0535050327,0.04260245,"{""model_path"": ""Datadog/Toto-2.0-4m"", ""batch_size"": 512}",357bc23
Toto-2.0-4m,toto-2.0,autogluon/fev_datasets,ercot_1W,13,20,-260,13,1,,1,SQL,"['MASE', {'name': 'WAPE', 'epsilon': 1.0}, {'name': 'WQL', 'epsilon': 1.0}]","[0.1, 0.2, 0.3, 0.4, 0.5, 0.6, 0.7, 0.8, 0.9]",id,timestamp,target,,[],[],[],ercot_1W,0.9754918214,0,0.838664116,160,b2fe1f0fe49551a1,False,0.9.0,0.9754918214,1.2496382187,0.0607620769,0.047263365,"{""model_path"": ""Datadog/Toto-2.0-4m"", ""batch_size"": 512}",357bc23
Toto-2.0-4m,toto-2.0,autogluon/fev_datasets,favorita_stores_1D,28,10,-280,28,1,,7,SQL,"['MASE', {'name': 'WAPE', 'epsilon': 1.0}, {'name': 'WQL', 'epsilon': 1.0}]","[0.1, 0.2, 0.3, 0.4, 0.5, 0.6, 0.7, 0.8, 0.9]",id,timestamp,sales,,"['holiday', 'onpromotion']",['oil_price'],"['city', 'cluster', 'family', 'state', 'store_nbr', 'type']",favorita_stores_1D,1.0300815581,0,22.971062781,15790,19461c7044524e5b,False,0.9.0,1.0300815581,1.2673381544,0.1713920408,0.1396156429,"{""model_path"": ""Datadog/Toto-2.0-4m"", ""batch_size"": 512}",357bc23
Toto-2.0-4m,toto-2.0,autogluon/fev_datasets,favorita_stores_1M,12,2,-24,12,1,,12,SQL,"['MASE', {'name': 'WAPE', 'epsilon': 1.0}, {'name': 'WQL', 'epsilon': 1.0}]","[0.1, 0.2, 0.3, 0.4, 0.5, 0.6, 0.7, 0.8, 0.9]",id,timestamp,sales,,['onpromotion'],['oil_price'],"['city', 'cluster', 'family', 'state', 'store_nbr', 'type']",favorita_stores_1M,1.8455187971,0,3.989998213,3158,84fb97f68dbadc4d,False,0.9.0,1.8455187971,2.1137839937,0.1668144128,0.1345474296,"{""model_path"": ""Datadog/Toto-2.0-4m"", ""batch_size"": 512}",357bc23
Toto-2.0-4m,toto-2.0,autogluon/fev_datasets,favorita_stores_1W,13,10,-130,13,1,,1,SQL,"['MASE', {'name': 'WAPE', 'epsilon': 1.0}, {'name': 'WQL', 'epsilon': 1.0}]","[0.1, 0.2, 0.3, 0.4, 0.5, 0.6, 0.7, 0.8, 0.9]",id,timestamp,sales,,['onpromotion'],['oil_price'],"['city', 'cluster', 'family', 'state', 'store_nbr', 'type']",favorita_stores_1W,2.0834063591,0,19.543238277,15790,209e5285efe3cc11,False,0.9.0,2.0834063591,2.4402828885,0.1458085466,0.1187495935,"{""model_path"": ""Datadog/Toto-2.0-4m"", ""batch_size"": 512}",357bc23
Toto-2.0-4m,toto-2.0,autogluon/fev_datasets,favorita_transactions_1D,28,10,-280,28,1,,7,SQL,"['MASE', {'name': 'WAPE', 'epsilon': 1.0}, {'name': 'WQL', 'epsilon': 1.0}]","[0.1, 0.2, 0.3, 0.4, 0.5, 0.6, 0.7, 0.8, 0.9]",id,timestamp,transactions,,['holiday'],['oil_price'],"['city', 'cluster', 'state', 'store_nbr', 'type']",favorita_transactions_1D,1.165461955,0,1.086790634,510,39e8c1c4f2cbe086,False,0.9.0,1.165461955,1.3311112487,0.0931842433,0.0779731992,"{""model_path"": ""Datadog/Toto-2.0-4m"", ""batch_size"": 512}",357bc23
Toto-2.0-4m,toto-2.0,autogluon/fev_datasets,favorita_transactions_1M,12,2,-24,12,1,,12,SQL,"['MASE', {'name': 'WAPE', 'epsilon': 1.0}, {'name': 'WQL', 'epsilon': 1.0}]","[0.1, 0.2, 0.3, 0.4, 0.5, 0.6, 0.7, 0.8, 0.9]",id,timestamp,transactions,,[],['oil_price'],"['city', 'cluster', 'state', 'store_nbr', 'type']",favorita_transactions_1M,1.2087569342,0,0.440761218,102,f2fdd1578e3fe1da,False,0.9.0,1.2087569342,1.5362401164,0.086290531,0.073264901,"{""model_path"": ""Datadog/Toto-2.0-4m"", ""batch_size"": 512}",357bc23
Toto-2.0-4m,toto-2.0,autogluon/fev_datasets,favorita_transactions_1W,13,10,-130,13,1,,1,SQL,"['MASE', {'name': 'WAPE', 'epsilon': 1.0}, {'name': 'WQL', 'epsilon': 1.0}]","[0.1, 0.2, 0.3, 0.4, 0.5, 0.6, 0.7, 0.8, 0.9]",id,timestamp,transactions,,[],['oil_price'],"['city', 'cluster', 'state', 'store_nbr', 'type']",favorita_transactions_1W,1.5187757056,0,0.881192179,510,297f1fca2bed5b06,False,0.9.0,1.5187757056,1.7638409898,0.0663838481,0.0561099801,"{""model_path"": ""Datadog/Toto-2.0-4m"", ""batch_size"": 512}",357bc23
Toto-2.0-4m,toto-2.0,autogluon/fev_datasets,fred_md_2025,12,20,-240,12,1,,1,SQL,"['MASE', {'name': 'WAPE', 'epsilon': 1.0}, {'name': 'WQL', 'epsilon': 1.0}]","[0.1, 0.2, 0.3, 0.4, 0.5, 0.6, 0.7, 0.8, 0.9]",id,timestamp,"['CPIAUCSL', 'FEDFUNDS', 'PAYEMS']",,[],"['M2REAL', 'NONBORRES', 'PPICMM', 'TOTRESNS']",[],fred_md_2025/cee,3.5359407686,0,0.806811359,60,6fd14b4ca30b94f0,False,0.9.0,3.5359407686,4.2152701653,0.0831655254,0.0709791938,"{""model_path"": ""Datadog/Toto-2.0-4m"", ""batch_size"": 512}",357bc23
Toto-2.0-4m,toto-2.0,autogluon/fev_datasets,fred_md_2025,12,20,-240,12,1,,1,SQL,"['MASE', {'name': 'WAPE', 'epsilon': 1.0}, {'name': 'WQL', 'epsilon': 1.0}]","[0.1, 0.2, 0.3, 0.4, 0.5, 0.6, 0.7, 0.8, 0.9]",id,timestamp,"['AAA', 'AWHMAN', 'BAA', 'BUSINVx', 'CPIAUCSL', 'CPIMEDSL', 'CUMFNS', 'DMANEMP', 'EXUSUKx', 'FEDFUNDS', 'GS1', 'GS10', 'GS5', 'HOUST', 'INDPRO', 'INVEST', 'IPBUSEQ', 'IPCONGD', 'IPDCONGD', 'IPDMAT', 'IPFINAL', 'IPMANSICS', 'IPMAT', 'IPNCONGD', 'IPNMAT', 'M2REAL', 'MANEMP', 'NDMANEMP', 'NONBORRES', 'PAYEMS', 'PERMIT', 'PPICMM', 'S&P 500', 'SRVPRD', 'TB3MS', 'TB6MS', 'TOTRESNS', 'UEMP15T26', 'UEMP27OV', 'UEMP5TO14', 'UEMPLT5', 'UEMPMEAN', 'UMCSENTx', 'UNRATE', 'USCONS', 'USFIRE', 'USGOOD', 'USGOVT', 'USTPU', 'USTRADE', 'VIXCLSx']",,[],[],[],fred_md_2025/macro,5.2765655398,0,0.804394346,1020,6fd14b4ca30b94f0,False,0.9.0,5.2765655398,6.141199899,0.0774391771,0.0649675888,"{""model_path"": ""Datadog/Toto-2.0-4m"", ""batch_size"": 512}",357bc23
Toto-2.0-4m,toto-2.0,autogluon/fev_datasets,fred_qd_2025,8,20,-160,8,1,,1,SQL,"['MASE', {'name': 'WAPE', 'epsilon': 1.0}, {'name': 'WQL', 'epsilon': 1.0}]","[0.1, 0.2, 0.3, 0.4, 0.5, 0.6, 0.7, 0.8, 0.9]",id,timestamp,"['CPIAUCSL', 'FEDFUNDS', 'PAYEMS']",,[],"['M2REAL', 'NONBORRES', 'PPICMM', 'TOTRESNS']",[],fred_qd_2025/cee,1.8282301609,0,0.792704842,60,4ca57ebf484d0702,False,0.9.0,1.8282301609,2.2072154018,0.1614065135,0.1246971363,"{""model_path"": ""Datadog/Toto-2.0-4m"", ""batch_size"": 512}",357bc23
Toto-2.0-4m,toto-2.0,autogluon/fev_datasets,fred_qd_2025,8,20,-160,8,1,,1,SQL,"['MASE', {'name': 'WAPE', 'epsilon': 1.0}, {'name': 'WQL', 'epsilon': 1.0}]","[0.1, 0.2, 0.3, 0.4, 0.5, 0.6, 0.7, 0.8, 0.9]",id,timestamp,"['AAA', 'AWHMAN', 'BAA', 'BUSINVx', 'CPIAUCSL', 'CPIMEDSL', 'CUMFNS', 'DMANEMP', 'EXUSUKx', 'FEDFUNDS', 'GS1', 'GS10', 'GS5', 'HOUST', 'INDPRO', 'INVEST', 'IPBUSEQ', 'IPCONGD', 'IPDCONGD', 'IPDMAT', 'IPFINAL', 'IPMANSICS', 'IPMAT', 'IPNCONGD', 'IPNMAT', 'M2REAL', 'MANEMP', 'NDMANEMP', 'NONBORRES', 'PAYEMS', 'PERMIT', 'PPICMM', 'S&P 500', 'SRVPRD', 'TB3MS', 'TB6MS', 'TOTRESNS', 'UEMP15T26', 'UEMP27OV', 'UEMP5TO14', 'UEMPLT5', 'UEMPMEAN', 'UMCSENTx', 'UNRATE', 'USCONS', 'USFIRE', 'USGOOD', 'USGOVT', 'USTPU', 'USTRADE', 'VIXCLSx']",,[],[],[],fred_qd_2025/macro,3.5102113787,0,0.8019292360000001,1020,4ca57ebf484d0702,False,0.9.0,3.5102113787,4.2281567791,0.1069171157,0.0857005368,"{""model_path"": ""Datadog/Toto-2.0-4m"", ""batch_size"": 512}",357bc23
Toto-2.0-4m,toto-2.0,autogluon/fev_datasets,gvar,8,10,-80,8,1,,4,SQL,"['MASE', {'name': 'WAPE', 'epsilon': 1.0}, {'name': 'WQL', 'epsilon': 1.0}]","[0.1, 0.2, 0.3, 0.4, 0.5, 0.6, 0.7, 0.8, 0.9]",id,timestamp,"['Dp', 'ep', 'eq', 'lr', 'r', 'y']",,[],"['pmat', 'pmetal', 'poil']",[],gvar,0.5795582951,0,1.117032054,1980,61766544be22840b,False,0.9.0,0.5795582951,0.7084618488000001,0.018342803,0.0149922867,"{""model_path"": ""Datadog/Toto-2.0-4m"", ""batch_size"": 512}",357bc23
Toto-2.0-4m,toto-2.0,autogluon/fev_datasets,hermes,52,1,-52,52,1,,1,SQL,"['MASE', {'name': 'WAPE', 'epsilon': 1.0}, {'name': 'WQL', 'epsilon': 1.0}]","[0.1, 0.2, 0.3, 0.4, 0.5, 0.6, 0.7, 0.8, 0.9]",id,timestamp,target,,['external'],[],"['category', 'country']",hermes,0.7133876145,0,9.755807418,10000,107b852d349c8182,False,0.9.0,0.7133876145,0.9091406926,0.0034898641,0.0027401694,"{""model_path"": ""Datadog/Toto-2.0-4m"", ""batch_size"": 512}",357bc23
Toto-2.0-4m,toto-2.0,autogluon/fev_datasets,hierarchical_sales_1D,28,10,-280,28,1,,7,SQL,"['MASE', {'name': 'WAPE', 'epsilon': 1.0}, {'name': 'WQL', 'epsilon': 1.0}]","[0.1, 0.2, 0.3, 0.4, 0.5, 0.6, 0.7, 0.8, 0.9]",id,timestamp,target,,[],[],[],hierarchical_sales_1D,0.5523202468,0,1.381607819,1180,77b3d008284e117b,False,0.9.0,0.5523202468,0.6891306336,0.6986542811,0.5651435622000001,"{""model_path"": ""Datadog/Toto-2.0-4m"", ""batch_size"": 512}",357bc23
Toto-2.0-4m,toto-2.0,autogluon/fev_datasets,hierarchical_sales_1W,13,10,-130,13,1,,1,SQL,"['MASE', {'name': 'WAPE', 'epsilon': 1.0}, {'name': 'WQL', 'epsilon': 1.0}]","[0.1, 0.2, 0.3, 0.4, 0.5, 0.6, 0.7, 0.8, 0.9]",id,timestamp,target,,[],[],[],hierarchical_sales_1W,0.6371435328,0,1.084976881,1180,2b2b335c105dabf3,False,0.9.0,0.6371435328,0.7760131051,0.4409505466,0.3766578963,"{""model_path"": ""Datadog/Toto-2.0-4m"", ""batch_size"": 512}",357bc23
Toto-2.0-4m,toto-2.0,autogluon/fev_datasets,hospital,12,4,-48,12,1,,12,SQL,"['MASE', {'name': 'WAPE', 'epsilon': 1.0}, {'name': 'WQL', 'epsilon': 1.0}]","[0.1, 0.2, 0.3, 0.4, 0.5, 0.6, 0.7, 0.8, 0.9]",id,timestamp,target,,[],[],[],hospital,0.7064233591,0,2.194864599,3068,188b4fce7bbf0ba7,False,0.9.0,0.7064233591,0.8905833847,0.0932818859,0.0751424692,"{""model_path"": ""Datadog/Toto-2.0-4m"", ""batch_size"": 512}",357bc23
Toto-2.0-4m,toto-2.0,autogluon/fev_datasets,hospital_admissions_1D,28,20,-560,28,1,,7,SQL,"['MASE', {'name': 'WAPE', 'epsilon': 1.0}, {'name': 'WQL', 'epsilon': 1.0}]","[0.1, 0.2, 0.3, 0.4, 0.5, 0.6, 0.7, 0.8, 0.9]",id,timestamp,target,,[],[],[],hospital_admissions_1D,0.5546337247,0,0.8552089940000001,160,2a4e1183560f9bb2,False,0.9.0,0.5546337247,0.7164969076000001,0.531517079,0.4114047438,"{""model_path"": ""Datadog/Toto-2.0-4m"", ""batch_size"": 512}",357bc23
Toto-2.0-4m,toto-2.0,autogluon/fev_datasets,hospital_admissions_1W,13,16,-208,13,1,,1,SQL,"['MASE', {'name': 'WAPE', 'epsilon': 1.0}, {'name': 'WQL', 'epsilon': 1.0}]","[0.1, 0.2, 0.3, 0.4, 0.5, 0.6, 0.7, 0.8, 0.9]",id,timestamp,target,,[],[],[],hospital_admissions_1W,0.5860531109,0,0.742203555,128,5ac11b235b4614f4,False,0.9.0,0.5860531109,0.7577397368000001,0.2133726977,0.1649940217,"{""model_path"": ""Datadog/Toto-2.0-4m"", ""batch_size"": 512}",357bc23
Toto-2.0-4m,toto-2.0,autogluon/fev_datasets,jena_weather_10T,144,20,-2880,144,1,,144,SQL,"['MASE', {'name': 'WAPE', 'epsilon': 1.0}, {'name': 'WQL', 'epsilon': 1.0}]","[0.1, 0.2, 0.3, 0.4, 0.5, 0.6, 0.7, 0.8, 0.9]",id,timestamp,"['target_0', 'target_1', 'target_10', 'target_11', 'target_12', 'target_13', 'target_14', 'target_15', 'target_16', 'target_17', 'target_18', 'target_19', 'target_2', 'target_20', 'target_3', 'target_4', 'target_5', 'target_6', 'target_7', 'target_8', 'target_9']",,[],[],[],jena_weather_10T,0.3620502047,0,0.996019555,420,25a5999066a34de5,False,0.9.0,0.3620502047,0.4434533325,0.248307264,0.2186955544,"{""model_path"": ""Datadog/Toto-2.0-4m"", ""batch_size"": 512}",357bc23
Toto-2.0-4m,toto-2.0,autogluon/fev_datasets,jena_weather_1D,28,11,-308,28,1,,1,SQL,"['MASE', {'name': 'WAPE', 'epsilon': 1.0}, {'name': 'WQL', 'epsilon': 1.0}]","[0.1, 0.2, 0.3, 0.4, 0.5, 0.6, 0.7, 0.8, 0.9]",id,timestamp,"['target_0', 'target_1', 'target_10', 'target_11', 'target_12', 'target_13', 'target_14', 'target_15', 'target_16', 'target_17', 'target_18', 'target_19', 'target_2', 'target_20', 'target_3', 'target_4', 'target_5', 'target_6', 'target_7', 'target_8', 'target_9']",,[],[],[],jena_weather_1D,1.1355619161,0,0.5798017710000001,231,003626a54394cc81,False,0.9.0,1.1355619161,1.4446469397,0.2883060415,0.2343058561,"{""model_path"": ""Datadog/Toto-2.0-4m"", ""batch_size"": 512}",357bc23
Toto-2.0-4m,toto-2.0,autogluon/fev_datasets,jena_weather_1H,24,20,-480,24,1,,24,SQL,"['MASE', {'name': 'WAPE', 'epsilon': 1.0}, {'name': 'WQL', 'epsilon': 1.0}]","[0.1, 0.2, 0.3, 0.4, 0.5, 0.6, 0.7, 0.8, 0.9]",id,timestamp,"['target_0', 'target_1', 'target_10', 'target_11', 'target_12', 'target_13', 'target_14', 'target_15', 'target_16', 'target_17', 'target_18', 'target_19', 'target_2', 'target_20', 'target_3', 'target_4', 'target_5', 'target_6', 'target_7', 'target_8', 'target_9']",,[],[],[],jena_weather_1H,0.3619730242,0,0.8336426360000001,420,75bfd3b5994a5acf,False,0.9.0,0.3619730242,0.4438780044,0.2504618898,0.2257041757,"{""model_path"": ""Datadog/Toto-2.0-4m"", ""batch_size"": 512}",357bc23
Toto-2.0-4m,toto-2.0,autogluon/fev_datasets,kdd_cup_2022_10T,288,10,-2880,288,1,,144,SQL,"['MASE', {'name': 'WAPE', 'epsilon': 1.0}, {'name': 'WQL', 'epsilon': 1.0}]","[0.1, 0.2, 0.3, 0.4, 0.5, 0.6, 0.7, 0.8, 0.9]",id,timestamp,Patv,,[],"['Etmp', 'Itmp', 'Ndir', 'Pab1', 'Pab2', 'Pab3', 'Prtv', 'Wdir', 'Wspd']",[],kdd_cup_2022_10T,0.4355228069,0,4.396017969,1340,9b41e743d33077cd,False,0.9.0,0.4355228069,0.5426727347,1.5364563418,1.2791393932,"{""model_path"": ""Datadog/Toto-2.0-4m"", ""batch_size"": 512}",357bc23
Toto-2.0-4m,toto-2.0,autogluon/fev_datasets,kdd_cup_2022_1D,14,10,-140,14,1,,1,SQL,"['MASE', {'name': 'WAPE', 'epsilon': 1.0}, {'name': 'WQL', 'epsilon': 1.0}]","[0.1, 0.2, 0.3, 0.4, 0.5, 0.6, 0.7, 0.8, 0.9]",id,timestamp,Patv,,[],"['Etmp', 'Itmp', 'Ndir', 'Pab1', 'Pab2', 'Pab3', 'Prtv', 'Wdir', 'Wspd']",[],kdd_cup_2022_1D,0.7440942069,0,1.762388551,1340,53e3bfa3689aa2d7,False,0.9.0,0.7440942069,0.9561151633,0.7662754296000001,0.5950165469,"{""model_path"": ""Datadog/Toto-2.0-4m"", ""batch_size"": 512}",357bc23
Toto-2.0-4m,toto-2.0,autogluon/fev_datasets,kdd_cup_2022_30T,96,10,-960,96,1,,48,SQL,"['MASE', {'name': 'WAPE', 'epsilon': 1.0}, {'name': 'WQL', 'epsilon': 1.0}]","[0.1, 0.2, 0.3, 0.4, 0.5, 0.6, 0.7, 0.8, 0.9]",id,timestamp,Patv,,[],"['Etmp', 'Itmp', 'Ndir', 'Pab1', 'Pab2', 'Pab3', 'Prtv', 'Wdir', 'Wspd']",[],kdd_cup_2022_30T,0.4370582677,0,2.594578048,1340,f73b55a07564deaa,False,0.9.0,0.4370582677,0.5410887838,1.5761006983,1.3847179122,"{""model_path"": ""Datadog/Toto-2.0-4m"", ""batch_size"": 512}",357bc23
Toto-2.0-4m,toto-2.0,autogluon/fev_datasets,m5_1D,28,1,-28,28,1,,7,SQL,"['MASE', {'name': 'WAPE', 'epsilon': 1.0}, {'name': 'WQL', 'epsilon': 1.0}]","[0.1, 0.2, 0.3, 0.4, 0.5, 0.6, 0.7, 0.8, 0.9]",id,timestamp,target,,"['event_Cultural', 'event_National', 'event_Religious', 'event_Sporting', 'sell_price', 'snap_CA', 'snap_TX', 'snap_WI']",[],"['cat_id', 'dept_id', 'item_id', 'state_id', 'store_id']",m5_1D,0.7160844073,0,33.664973987,30490,a5408e93540ec5c9,False,0.9.0,0.7160844073,0.8747585560000001,0.7025500003,0.5545512032000001,"{""model_path"": ""Datadog/Toto-2.0-4m"", ""batch_size"": 512}",357bc23
Toto-2.0-4m,toto-2.0,autogluon/fev_datasets,m5_1M,12,1,-12,12,6,,12,SQL,"['MASE', {'name': 'WAPE', 'epsilon': 1.0}, {'name': 'WQL', 'epsilon': 1.0}]","[0.1, 0.2, 0.3, 0.4, 0.5, 0.6, 0.7, 0.8, 0.9]",id,timestamp,target,,"['event_Cultural', 'event_National', 'event_Religious', 'event_Sporting', 'sell_price', 'snap_CA', 'snap_TX', 'snap_WI']",[],"['cat_id', 'dept_id', 'item_id', 'state_id', 'store_id']",m5_1M,1.0100709358,0,29.205000082,29364,b562dee8546ce598,False,0.9.0,1.0100709358,1.1899160498,0.4456052767,0.3584938045,"{""model_path"": ""Datadog/Toto-2.0-4m"", ""batch_size"": 512}",357bc23
Toto-2.0-4m,toto-2.0,autogluon/fev_datasets,m5_1W,13,1,-13,13,1,,1,SQL,"['MASE', {'name': 'WAPE', 'epsilon': 1.0}, {'name': 'WQL', 'epsilon': 1.0}]","[0.1, 0.2, 0.3, 0.4, 0.5, 0.6, 0.7, 0.8, 0.9]",id,timestamp,target,,"['event_Cultural', 'event_National', 'event_Religious', 'event_Sporting', 'sell_price', 'snap_CA', 'snap_TX', 'snap_WI']",[],"['cat_id', 'dept_id', 'item_id', 'state_id', 'store_id']",m5_1W,0.9120098851,0,31.248607707,30490,0c7d59ea6d50dbdf,False,0.9.0,0.9120098851,1.1498581156,0.4302277151,0.3391548847,"{""model_path"": ""Datadog/Toto-2.0-4m"", ""batch_size"": 512}",357bc23
Toto-2.0-4m,toto-2.0,autogluon/fev_datasets,proenfo_gfc12,168,10,-1680,168,1,,24,SQL,"['MASE', {'name': 'WAPE', 'epsilon': 1.0}, {'name': 'WQL', 'epsilon': 1.0}]","[0.1, 0.2, 0.3, 0.4, 0.5, 0.6, 0.7, 0.8, 0.9]",id,timestamp,target,,['airtemperature'],[],[],proenfo_gfc12,0.9279077458,0,0.8432919350000001,110,b9d66f77d6db1337,False,0.9.0,0.9279077458,1.1416163352,0.0976604625,0.0789964426,"{""model_path"": ""Datadog/Toto-2.0-4m"", ""batch_size"": 512}",357bc23
Toto-2.0-4m,toto-2.0,autogluon/fev_datasets,proenfo_gfc14,168,20,-3360,168,1,,24,SQL,"['MASE', {'name': 'WAPE', 'epsilon': 1.0}, {'name': 'WQL', 'epsilon': 1.0}]","[0.1, 0.2, 0.3, 0.4, 0.5, 0.6, 0.7, 0.8, 0.9]",id,timestamp,target,,['airtemperature'],[],[],proenfo_gfc14,0.7977474731,0,0.8143745530000001,20,a2f90b2f1ba52e38,False,0.9.0,0.7977474731,0.9917137206,0.0485747861,0.0391112092,"{""model_path"": ""Datadog/Toto-2.0-4m"", ""batch_size"": 512}",357bc23
Toto-2.0-4m,toto-2.0,autogluon/fev_datasets,proenfo_gfc17,168,20,-3360,168,1,,24,SQL,"['MASE', {'name': 'WAPE', 'epsilon': 1.0}, {'name': 'WQL', 'epsilon': 1.0}]","[0.1, 0.2, 0.3, 0.4, 0.5, 0.6, 0.7, 0.8, 0.9]",id,timestamp,target,,['airtemperature'],[],[],proenfo_gfc17,0.988689117,0,1.014632244,160,eba07ba0bb45e5dc,False,0.9.0,0.988689117,1.2557302982,0.0844229642,0.066556878,"{""model_path"": ""Datadog/Toto-2.0-4m"", ""batch_size"": 512}",357bc23
Toto-2.0-4m,toto-2.0,autogluon/fev_datasets,redset_15T,96,10,-960,96,1,,96,SQL,"['MASE', {'name': 'WAPE', 'epsilon': 1.0}, {'name': 'WQL', 'epsilon': 1.0}]","[0.1, 0.2, 0.3, 0.4, 0.5, 0.6, 0.7, 0.8, 0.9]",id,timestamp,target,,[],[],['subset'],redset_15T,0.8875343451000001,0,1.6681826050000002,1260,49fdfb78f00880f9,False,0.9.0,0.8875343451000001,1.0487368757,0.3099392216,0.2548341045,"{""model_path"": ""Datadog/Toto-2.0-4m"", ""batch_size"": 512}",357bc23
Toto-2.0-4m,toto-2.0,autogluon/fev_datasets,redset_1H,24,10,-240,24,1,,24,SQL,"['MASE', {'name': 'WAPE', 'epsilon': 1.0}, {'name': 'WQL', 'epsilon': 1.0}]","[0.1, 0.2, 0.3, 0.4, 0.5, 0.6, 0.7, 0.8, 0.9]",id,timestamp,target,,[],[],['subset'],redset_1H,1.3767793335,0,1.424215721,1380,f7cbb47cb5f76ea7,False,0.9.0,1.3767793335,1.5148386059,0.2324200927,0.1962638598,"{""model_path"": ""Datadog/Toto-2.0-4m"", ""batch_size"": 512}",357bc23
Toto-2.0-4m,toto-2.0,autogluon/fev_datasets,redset_5T,288,10,-2880,288,1,,288,SQL,"['MASE', {'name': 'WAPE', 'epsilon': 1.0}, {'name': 'WQL', 'epsilon': 1.0}]","[0.1, 0.2, 0.3, 0.4, 0.5, 0.6, 0.7, 0.8, 0.9]",id,timestamp,target,,[],[],['subset'],redset_5T,0.7118904883,0,2.492707612,1180,b9a12aeba2af7192,False,0.9.0,0.7118904883,0.84400517,0.3613596569,0.2938771626,"{""model_path"": ""Datadog/Toto-2.0-4m"", ""batch_size"": 512}",357bc23
Toto-2.0-4m,toto-2.0,autogluon/fev_datasets,restaurant,28,8,-224,28,1,,7,SQL,"['MASE', {'name': 'WAPE', 'epsilon': 1.0}, {'name': 'WQL', 'epsilon': 1.0}]","[0.1, 0.2, 0.3, 0.4, 0.5, 0.6, 0.7, 0.8, 0.9]",id,timestamp,target,,[],[],"['air_area_name', 'air_genre_name', 'latitude', 'longitude']",restaurant,0.7520722316,0,4.950314841,6502,5af240c09db342cf,False,0.9.0,0.7520722316,0.9439976814,0.3783634365,0.2977027964,"{""model_path"": ""Datadog/Toto-2.0-4m"", ""batch_size"": 512}",357bc23
Toto-2.0-4m,toto-2.0,autogluon/fev_datasets,rohlik_orders_1D,61,5,2023-05-01T00:00:00,61,1,,7,SQL,"['MASE', {'name': 'WAPE', 'epsilon': 1.0}, {'name': 'WQL', 'epsilon': 1.0}]","[0.1, 0.2, 0.3, 0.4, 0.5, 0.6, 0.7, 0.8, 0.9]",id,timestamp,orders,,"['holiday', 'school_holidays', 'shops_closed', 'winter_school_holidays']","['blackout', 'frankfurt_shutdown', 'mini_shutdown', 'mov_change', 'precipitation', 'shutdown', 'snow', 'user_activity_1', 'user_activity_2']",[],rohlik_orders_1D,1.1775773245,0,0.479646228,35,743d7d85eea679ed,False,0.9.0,1.1775773245,1.4623967422000002,0.0664381297,0.0537647303,"{""model_path"": ""Datadog/Toto-2.0-4m"", ""batch_size"": 512}",357bc23
Toto-2.0-4m,toto-2.0,autogluon/fev_datasets,rohlik_orders_1W,8,5,2023-05-01T00:00:00,8,1,,1,SQL,"['MASE', {'name': 'WAPE', 'epsilon': 1.0}, {'name': 'WQL', 'epsilon': 1.0}]","[0.1, 0.2, 0.3, 0.4, 0.5, 0.6, 0.7, 0.8, 0.9]",id,timestamp,orders,,"['holiday', 'school_holidays', 'shops_closed', 'winter_school_holidays']","['blackout', 'frankfurt_shutdown', 'mini_shutdown', 'mov_change', 'precipitation', 'shutdown', 'snow', 'user_activity_1', 'user_activity_2']",[],rohlik_orders_1W,1.4951892004,0,0.481001508,35,18a03d658590ecd3,False,0.9.0,1.4951892004,1.8324372693,0.0602804613,0.0492587228,"{""model_path"": ""Datadog/Toto-2.0-4m"", ""batch_size"": 512}",357bc23
Toto-2.0-4m,toto-2.0,autogluon/fev_datasets,rohlik_sales_1D,14,1,2023-12-15T00:00:00,14,14,,7,SQL,"['MASE', {'name': 'WAPE', 'epsilon': 1.0}, {'name': 'WQL', 'epsilon': 1.0}]","[0.1, 0.2, 0.3, 0.4, 0.5, 0.6, 0.7, 0.8, 0.9]",id,timestamp,sales,,"['holiday', 'school_holidays', 'sell_price_main', 'shops_closed', 'total_orders', 'type_0_discount', 'type_1_discount', 'type_2_discount', 'type_3_discount', 'type_4_discount', 'type_5_discount', 'type_6_discount', 'winter_school_holidays']",['availability'],"['L1_category_name_en', 'L2_category_name_en', 'L3_category_name_en', 'L4_category_name_en', 'name', 'product_unique_id', 'warehouse']",rohlik_sales_1D,1.2292801132,0,6.102092811,4116,bdd7a282f9fc98e5,False,0.9.0,1.2292801132,1.4603671616,0.3989391696,0.3380616026,"{""model_path"": ""Datadog/Toto-2.0-4m"", ""batch_size"": 512}",357bc23
Toto-2.0-4m,toto-2.0,autogluon/fev_datasets,rohlik_sales_1W,8,1,2023-12-15T00:00:00,8,8,,1,SQL,"['MASE', {'name': 'WAPE', 'epsilon': 1.0}, {'name': 'WQL', 'epsilon': 1.0}]","[0.1, 0.2, 0.3, 0.4, 0.5, 0.6, 0.7, 0.8, 0.9]",id,timestamp,sales,,"['holiday', 'school_holidays', 'sell_price_main', 'shops_closed', 'total_orders', 'type_0_discount', 'type_1_discount', 'type_2_discount', 'type_3_discount', 'type_4_discount', 'type_5_discount', 'type_6_discount', 'winter_school_holidays']",['availability'],"['L1_category_name_en', 'L2_category_name_en', 'L3_category_name_en', 'L4_category_name_en', 'name', 'product_unique_id', 'warehouse']",rohlik_sales_1W,1.5602309386000002,0,5.064644639,3942,a1817f8223c08fb5,False,0.9.0,1.5602309386000002,1.8452944609,0.2914195915,0.2421377532,"{""model_path"": ""Datadog/Toto-2.0-4m"", ""batch_size"": 512}",357bc23
Toto-2.0-4m,toto-2.0,autogluon/fev_datasets,rossmann_1D,48,10,-480,48,1,,7,SQL,"['MASE', {'name': 'WAPE', 'epsilon': 1.0}, {'name': 'WQL', 'epsilon': 1.0}]","[0.1, 0.2, 0.3, 0.4, 0.5, 0.6, 0.7, 0.8, 0.9]",id,timestamp,Sales,,"['DayOfWeek', 'Open', 'Promo', 'SchoolHoliday', 'StateHoliday']",['Customers'],"['Assortment', 'CompetitionDistance', 'CompetitionOpenSinceMonth', 'CompetitionOpenSinceYear', 'Promo2', 'Promo2SinceWeek', 'Promo2SinceYear', 'PromoInterval', 'Store', 'StoreType']",rossmann_1D,0.5480332795,0,15.363988856,11150,8441c9ccbe2ff4d1,False,0.9.0,0.5480332795,0.6680964661000001,0.2277302035,0.186390301,"{""model_path"": ""Datadog/Toto-2.0-4m"", ""batch_size"": 512}",357bc23
Toto-2.0-4m,toto-2.0,autogluon/fev_datasets,rossmann_1W,13,8,-104,13,1,,1,SQL,"['MASE', {'name': 'WAPE', 'epsilon': 1.0}, {'name': 'WQL', 'epsilon': 1.0}]","[0.1, 0.2, 0.3, 0.4, 0.5, 0.6, 0.7, 0.8, 0.9]",id,timestamp,Sales,,"['Open', 'Promo', 'SchoolHoliday', 'StateHoliday']",['Customers'],"['Assortment', 'CompetitionDistance', 'CompetitionOpenSinceMonth', 'CompetitionOpenSinceYear', 'Promo2', 'Promo2SinceWeek', 'Promo2SinceYear', 'PromoInterval', 'Store', 'StoreType']",rossmann_1W,0.5291591964,0,10.866042369,8920,e18c12f0c75cf8c0,False,0.9.0,0.5291591964,0.6807085588,0.1884271291,0.145880501,"{""model_path"": ""Datadog/Toto-2.0-4m"", ""batch_size"": 512}",357bc23
Toto-2.0-4m,toto-2.0,autogluon/fev_datasets,solar_1D,28,10,-280,28,1,,1,SQL,"['MASE', {'name': 'WAPE', 'epsilon': 1.0}, {'name': 'WQL', 'epsilon': 1.0}]","[0.1, 0.2, 0.3, 0.4, 0.5, 0.6, 0.7, 0.8, 0.9]",id,timestamp,target,,[],[],[],solar_1D,0.6213192447,0,1.269502165,1370,61a16072f577b902,False,0.9.0,0.6213192447,0.7888568117,0.2485197423,0.1950438604,"{""model_path"": ""Datadog/Toto-2.0-4m"", ""batch_size"": 512}",357bc23
Toto-2.0-4m,toto-2.0,autogluon/fev_datasets,solar_1W,13,1,-13,13,1,,1,SQL,"['MASE', {'name': 'WAPE', 'epsilon': 1.0}, {'name': 'WQL', 'epsilon': 1.0}]","[0.1, 0.2, 0.3, 0.4, 0.5, 0.6, 0.7, 0.8, 0.9]",id,timestamp,target,,[],[],[],solar_1W,1.3573440669,0,0.410745277,137,b957c1ccfd8bdefc,False,0.9.0,1.3573440669,1.8483462115,0.309557514,0.2274649416,"{""model_path"": ""Datadog/Toto-2.0-4m"", ""batch_size"": 512}",357bc23
Toto-2.0-4m,toto-2.0,autogluon/fev_datasets,solar_with_weather_15T,96,20,-1920,96,1,,96,SQL,"['MASE', {'name': 'WAPE', 'epsilon': 1.0}, {'name': 'WQL', 'epsilon': 1.0}]","[0.1, 0.2, 0.3, 0.4, 0.5, 0.6, 0.7, 0.8, 0.9]",id,timestamp,target,,"['day_length', 'humidity', 'pressure', 'rain_1h', 'snow_1h', 'temp', 'wind_speed']","['clouds_all', 'global_horizontal_irradiance']",[],solar_with_weather_15T,0.7772909525,0,1.073534217,20,52351e76b7090ab1,False,0.9.0,0.7772909525,0.9680324805,1.2090133706,1.0196476914,"{""model_path"": ""Datadog/Toto-2.0-4m"", ""batch_size"": 512}",357bc23
Toto-2.0-4m,toto-2.0,autogluon/fev_datasets,solar_with_weather_1H,24,20,-480,24,1,,24,SQL,"['MASE', {'name': 'WAPE', 'epsilon': 1.0}, {'name': 'WQL', 'epsilon': 1.0}]","[0.1, 0.2, 0.3, 0.4, 0.5, 0.6, 0.7, 0.8, 0.9]",id,timestamp,target,,"['day_length', 'humidity', 'pressure', 'rain_1h', 'snow_1h', 'temp', 'wind_speed']","['clouds_all', 'global_horizontal_irradiance']",[],solar_with_weather_1H,0.8780437601000001,0,0.8882198760000001,20,4a140710760f779a,False,0.9.0,0.8780437601000001,1.0484350478,1.3173282887,1.0952675807,"{""model_path"": ""Datadog/Toto-2.0-4m"", ""batch_size"": 512}",357bc23
Toto-2.0-4m,toto-2.0,autogluon/fev_datasets,uci_air_quality_1D,28,11,-308,28,1,,7,SQL,"['MASE', {'name': 'WAPE', 'epsilon': 1.0}, {'name': 'WQL', 'epsilon': 1.0}]","[0.1, 0.2, 0.3, 0.4, 0.5, 0.6, 0.7, 0.8, 0.9]",id,timestamp,"['C6H6(GT)', 'CO(GT)', 'NO2(GT)', 'NOx(GT)']",,"['AH', 'RH', 'T']",[],[],uci_air_quality_1D,1.23156633,0,0.5864559650000001,44,0d2ba39e4e4ce5f4,False,0.9.0,1.23156633,1.5479300788,0.3181008538,0.2511528727,"{""model_path"": ""Datadog/Toto-2.0-4m"", ""batch_size"": 512}",357bc23
Toto-2.0-4m,toto-2.0,autogluon/fev_datasets,uci_air_quality_1H,168,20,-3360,168,1,,24,SQL,"['MASE', {'name': 'WAPE', 'epsilon': 1.0}, {'name': 'WQL', 'epsilon': 1.0}]","[0.1, 0.2, 0.3, 0.4, 0.5, 0.6, 0.7, 0.8, 0.9]",id,timestamp,"['C6H6(GT)', 'CO(GT)', 'NO2(GT)', 'NOx(GT)']",,"['AH', 'RH', 'T']",[],[],uci_air_quality_1H,0.8894247543,0,0.813132081,80,62f958117014ee08,False,0.9.0,0.8894247543,1.1432543851,0.3773027099,0.2941084862,"{""model_path"": ""Datadog/Toto-2.0-4m"", ""batch_size"": 512}",357bc23
Toto-2.0-4m,toto-2.0,autogluon/fev_datasets,uk_covid_nation_1D,28,20,-560,28,1,,1,SQL,"['MASE', {'name': 'WAPE', 'epsilon': 1.0}, {'name': 'WQL', 'epsilon': 1.0}]","[0.1, 0.2, 0.3, 0.4, 0.5, 0.6, 0.7, 0.8, 0.9]",id,timestamp,"['cumulative_admissions', 'cumulative_cases', 'cumulative_deaths']",,[],"['cumulative_vaccinated_1', 'cumulative_vaccinated_2', 'cumulative_vaccinated_3', 'hospital_cases', 'icu_ventilator_occupancy']",[],uk_covid_nation_1D/cumulative,7.40367331,0,0.875699616,240,c8dff53b6fcb4695,False,0.9.0,7.40367331,9.2084441019,0.0164889204,0.0135690068,"{""model_path"": ""Datadog/Toto-2.0-4m"", ""batch_size"": 512}",357bc23
Toto-2.0-4m,toto-2.0,autogluon/fev_datasets,uk_covid_nation_1D,28,20,-560,28,1,,7,SQL,"['MASE', {'name': 'WAPE', 'epsilon': 1.0}, {'name': 'WQL', 'epsilon': 1.0}]","[0.1, 0.2, 0.3, 0.4, 0.5, 0.6, 0.7, 0.8, 0.9]",id,timestamp,"['new_admissions', 'new_cases', 'new_deaths']",,[],"['hospital_cases', 'icu_ventilator_occupancy', 'new_vaccinated_1', 'new_vaccinated_2', 'new_vaccinated_3']",[],uk_covid_nation_1D/new,2.0531348933,0,0.866240428,240,c8dff53b6fcb4695,False,0.9.0,2.0531348933,2.4680366023,0.3515944969,0.2894938682,"{""model_path"": ""Datadog/Toto-2.0-4m"", ""batch_size"": 512}",357bc23
Toto-2.0-4m,toto-2.0,autogluon/fev_datasets,uk_covid_nation_1W,8,4,-32,8,1,,1,SQL,"['MASE', {'name': 'WAPE', 'epsilon': 1.0}, {'name': 'WQL', 'epsilon': 1.0}]","[0.1, 0.2, 0.3, 0.4, 0.5, 0.6, 0.7, 0.8, 0.9]",id,timestamp,"['cumulative_admissions', 'cumulative_cases', 'cumulative_deaths']",,[],"['cumulative_vaccinated_1', 'cumulative_vaccinated_2', 'cumulative_vaccinated_3', 'hospital_cases', 'icu_ventilator_occupancy']",[],uk_covid_nation_1W/cumulative,2.943347118,0,0.434345635,48,a1bd24bd7d949574,False,0.9.0,2.943347118,3.535768821,0.0367730128,0.0310924172,"{""model_path"": ""Datadog/Toto-2.0-4m"", ""batch_size"": 512}",357bc23
Toto-2.0-4m,toto-2.0,autogluon/fev_datasets,uk_covid_nation_1W,8,4,-32,8,1,,1,SQL,"['MASE', {'name': 'WAPE', 'epsilon': 1.0}, {'name': 'WQL', 'epsilon': 1.0}]","[0.1, 0.2, 0.3, 0.4, 0.5, 0.6, 0.7, 0.8, 0.9]",id,timestamp,"['new_admissions', 'new_cases', 'new_deaths']",,[],"['hospital_cases', 'icu_ventilator_occupancy', 'new_vaccinated_1', 'new_vaccinated_2', 'new_vaccinated_3']",[],uk_covid_nation_1W/new,5.3124537768,0,0.434321041,48,a1bd24bd7d949574,False,0.9.0,5.3124537768,6.3355442755,0.8790182217,0.7218621834000001,"{""model_path"": ""Datadog/Toto-2.0-4m"", ""batch_size"": 512}",357bc23
Toto-2.0-4m,toto-2.0,autogluon/fev_datasets,uk_covid_utla_1D,28,10,-280,28,1,,7,SQL,"['MASE', {'name': 'WAPE', 'epsilon': 1.0}, {'name': 'WQL', 'epsilon': 1.0}]","[0.1, 0.2, 0.3, 0.4, 0.5, 0.6, 0.7, 0.8, 0.9]",id,timestamp,new_cases,,[],[],[],uk_covid_utla_1D/new,5.0056274921,0,1.81181499,2140,46f9bb53c6d05e0a,False,0.9.0,5.0056274921,6.1066362535,0.5655817562000001,0.459885049,"{""model_path"": ""Datadog/Toto-2.0-4m"", ""batch_size"": 512}",357bc23
Toto-2.0-4m,toto-2.0,autogluon/fev_datasets,uk_covid_utla_1W,13,5,-65,13,1,,1,SQL,"['MASE', {'name': 'WAPE', 'epsilon': 1.0}, {'name': 'WQL', 'epsilon': 1.0}]","[0.1, 0.2, 0.3, 0.4, 0.5, 0.6, 0.7, 0.8, 0.9]",id,timestamp,cumulative_cases,,[],[],[],uk_covid_utla_1W/cumulative,18.3533315087,0,0.996270954,1070,c4fdce102c5b6f47,False,0.9.0,18.3533315087,20.2233929388,0.2061851731,0.1876303479,"{""model_path"": ""Datadog/Toto-2.0-4m"", ""batch_size"": 512}",357bc23
Toto-2.0-4m,toto-2.0,autogluon/fev_datasets,us_consumption_1M,12,10,-120,12,1,,12,SQL,"['MASE', {'name': 'WAPE', 'epsilon': 1.0}, {'name': 'WQL', 'epsilon': 1.0}]","[0.1, 0.2, 0.3, 0.4, 0.5, 0.6, 0.7, 0.8, 0.9]",id,timestamp,target,,[],[],[],us_consumption_1M,1.4880196786,0,0.65950542,310,c882f886bec32c78,False,0.9.0,1.4880196786,1.7888718987,0.0233582695,0.0202083733,"{""model_path"": ""Datadog/Toto-2.0-4m"", ""batch_size"": 512}",357bc23
Toto-2.0-4m,toto-2.0,autogluon/fev_datasets,us_consumption_1Q,8,10,-80,8,1,,4,SQL,"['MASE', {'name': 'WAPE', 'epsilon': 1.0}, {'name': 'WQL', 'epsilon': 1.0}]","[0.1, 0.2, 0.3, 0.4, 0.5, 0.6, 0.7, 0.8, 0.9]",id,timestamp,target,,[],[],[],us_consumption_1Q,1.8040049941,0,0.6503612470000001,310,9a76cd11c4c2c07e,False,0.9.0,1.8040049941,2.2433473487,0.0350718402,0.0289323192,"{""model_path"": ""Datadog/Toto-2.0-4m"", ""batch_size"": 512}",357bc23
Toto-2.0-4m,toto-2.0,autogluon/fev_datasets,us_consumption_1Y,5,10,-50,5,1,,1,SQL,"['MASE', {'name': 'WAPE', 'epsilon': 1.0}, {'name': 'WQL', 'epsilon': 1.0}]","[0.1, 0.2, 0.3, 0.4, 0.5, 0.6, 0.7, 0.8, 0.9]",id,timestamp,target,,[],[],[],us_consumption_1Y,4.224475545,0,0.656069078,310,d29d0d81db6393b4,False,0.9.0,4.224475545,5.15241096,0.0745752115,0.0593554986,"{""model_path"": ""Datadog/Toto-2.0-4m"", ""batch_size"": 512}",357bc23
Toto-2.0-4m,toto-2.0,autogluon/fev_datasets,walmart,39,1,-39,39,1,,1,SQL,"['MASE', {'name': 'WAPE', 'epsilon': 1.0}, {'name': 'WQL', 'epsilon': 1.0}]","[0.1, 0.2, 0.3, 0.4, 0.5, 0.6, 0.7, 0.8, 0.9]",id,timestamp,target,,"['CPI', 'Fuel_Price', 'IsHoliday', 'MarkDown1', 'MarkDown2', 'MarkDown3', 'MarkDown4', 'MarkDown5', 'Temperature', 'Unemployment']",[],"['Dept', 'Size', 'Store', 'Type']",walmart,0.8580838013000001,0,3.539144855,2936,84f95b6543281d0d,False,0.9.0,0.8580838013000001,1.0741206033,0.1326984061,0.1064132883,"{""model_path"": ""Datadog/Toto-2.0-4m"", ""batch_size"": 512}",357bc23
Toto-2.0-4m,toto-2.0,autogluon/fev_datasets,world_co2_emissions,5,9,-45,5,1,,1,SQL,"['MASE', {'name': 'WAPE', 'epsilon': 1.0}, {'name': 'WQL', 'epsilon': 1.0}]","[0.1, 0.2, 0.3, 0.4, 0.5, 0.6, 0.7, 0.8, 0.9]",id,timestamp,target,,[],[],[],world_co2_emissions,2.8843078325,0,1.383617871,1719,c78d3682201594d9,False,0.9.0,2.8843078325,3.4828209577,0.0939798025,0.077325167,"{""model_path"": ""Datadog/Toto-2.0-4m"", ""batch_size"": 512}",357bc23
Toto-2.0-4m,toto-2.0,autogluon/fev_datasets,world_life_expectancy,5,10,-50,5,1,,1,SQL,"['MASE', {'name': 'WAPE', 'epsilon': 1.0}, {'name': 'WQL', 'epsilon': 1.0}]","[0.1, 0.2, 0.3, 0.4, 0.5, 0.6, 0.7, 0.8, 0.9]",id,timestamp,target,,[],[],[],world_life_expectancy,1.2907503899,0,1.783268729,2370,f9ce571f4bf31401,False,0.9.0,1.2907503899,1.4976305861,0.0120766348,0.0104535037,"{""model_path"": ""Datadog/Toto-2.0-4m"", ""batch_size"": 512}",357bc23
Toto-2.0-4m,toto-2.0,autogluon/fev_datasets,world_tourism,5,2,-10,5,1,,1,SQL,"['MASE', {'name': 'WAPE', 'epsilon': 1.0}, {'name': 'WQL', 'epsilon': 1.0}]","[0.1, 0.2, 0.3, 0.4, 0.5, 0.6, 0.7, 0.8, 0.9]",id,timestamp,target,,[],[],[],world_tourism,2.8294267896000003,0,0.541937607,356,dcd8469c3acc4caa,False,0.9.0,2.8294267896000003,3.4946481692,0.0987637003,0.0688468732,"{""model_path"": ""Datadog/Toto-2.0-4m"", ""batch_size"": 512}",357bc23
