dataset,model,eval_metrics/MSE[mean],eval_metrics/MSE[0.5],eval_metrics/MAE[0.5],eval_metrics/MASE[0.5],eval_metrics/MAPE[0.5],eval_metrics/sMAPE[0.5],eval_metrics/MSIS,eval_metrics/RMSE[mean],eval_metrics/NRMSE[mean],eval_metrics/ND[0.5],eval_metrics/mean_weighted_sum_quantile_loss,domain,num_variates
loop_seattle/5T/short,TinyCast-int8-host,44.84585048490511,44.84585048490511,3.7874082787733205,0.6001051723480847,0.10570164846315964,0.0799332062157315,4.896056718133314,6.69670444957108,0.11483369610172454,0.06494569001408859,0.05206488073330718,Transport,1
loop_seattle/5T/medium,TinyCast-int8-host,99.97504345652735,99.97504345652735,6.003528507260223,0.9497810713834758,0.20858984353741625,0.13356210218494521,10.40390451086906,9.998752094963018,0.17789834571637367,0.10681510850146086,0.08835515981399582,Transport,1
loop_seattle/5T/long,TinyCast-int8-host,114.12463231710812,114.12463231710812,6.4159911443104285,1.012191340541406,0.2245467353351017,0.14091546253632575,13.585210957884314,10.68291310070002,0.18887610012423975,0.11343604261740224,0.09612861314128264,Transport,1
loop_seattle/D/short,TinyCast-int8-host,18.675932921418465,18.675932921418465,2.944711483226103,0.88764521278099,0.05452678333987147,0.05436774003862473,7.269193317840097,4.321566026502252,0.07723215692320348,0.05262592726140758,0.0428276149487751,Transport,1
loop_seattle/H/short,TinyCast-int8-host,62.491405195120485,62.491405195120485,4.368766263775626,0.8879518308929713,0.12115363355734704,0.09980735641022831,6.780228827178093,7.905150548542418,0.13992920343161733,0.0773316054533286,0.061046543119233,Transport,1
loop_seattle/H/medium,TinyCast-int8-host,70.56180985552116,70.56180985552116,4.87686920638424,1.0049131274869112,0.1391973141669243,0.11007781781648335,8.81288844881219,8.400107728804503,0.14847096503512752,0.08619811802401897,0.0693826895120799,Transport,1
loop_seattle/H/long,TinyCast-int8-host,67.88823981244087,67.88823981244087,4.743548140970341,0.9894272102598404,0.15529467510857203,0.10902215749650712,10.915636858594022,8.239432007877781,0.1472496576734629,0.08477354255094849,0.069259339893731,Transport,1
m_dense/D/short,TinyCast-int8-host,10636.207037037037,10636.207037037037,54.54550636574074,0.780906503769395,0.13936401774390172,0.11303756713867187,7.409410995157186,103.1319884276311,0.17853672003318607,0.09442633607246072,0.07942540258488039,Transport,1
m_dense/H/short,TinyCast-int8-host,51091.31847222222,51091.31847222222,103.01284722222222,0.895886367343461,0.32303723603327,0.24581082767910428,7.825312082317739,226.0338878845874,0.400927831654656,0.18271913939942494,0.14528726705948536,Transport,1
m_dense/H/medium,TinyCast-int8-host,46044.34888888889,46044.34888888889,105.2909982638889,0.900448527570977,0.31671342044979445,0.24768797132703993,8.866096180600364,214.57946986813275,0.3733411796121612,0.18319304040847645,0.14598840513759004,Transport,1
m_dense/H/long,TinyCast-int8-host,54228.56493827161,54228.56493827161,115.40728395061728,0.9708877481429139,0.33621988042876716,0.2631163345148534,10.539680591547127,232.8702749134625,0.4031328919010962,0.19978707949201494,0.16146018745976556,Transport,1
sz_taxi/15T/short,TinyCast-int8-host,17.367375216641268,17.367375216641268,2.821367689978072,0.5639207939395063,1266981920800.0898,0.41302281494396803,4.148748179299072,4.1674182915374915,0.3896714515577742,0.2638099576815828,0.20837074440608797,Transport,1
sz_taxi/15T/medium,TinyCast-int8-host,17.22845928485577,17.22845928485577,2.8781446147168803,0.5626996221980263,11197784071954.664,0.4231913574740418,6.439500040557674,4.150717924029019,0.38629355454646125,0.2678593761530604,0.2238496247704729,Transport,1
sz_taxi/15T/long,TinyCast-int8-host,16.857571837161682,16.857571837161682,2.8564720566795763,0.5390698957476406,7611647154277.971,0.41926286050736733,7.320721138527009,4.105797344872452,0.3800252493686006,0.26438993804936994,0.22592596528723932,Transport,1
sz_taxi/H/short,TinyCast-int8-host,7.554162049904848,7.554162049904848,1.9081135937291334,0.581609974250617,1.1784577899509006,0.30534856747358274,4.187893785084446,2.7484835909833714,0.2560382070839144,0.17775255601073284,0.14006512161739126,Transport,1
bitbrains_fast_storage/5T/short,TinyCast-int8-host,1875174.6664274954,1875174.6664274954,181.99585668644278,0.9425771711558737,2.5760864823879293,0.6411559623477822,15.329198954773844,1369.3701714392262,4.299483664597816,0.5714219786352149,0.4467961755175762,Web/CloudOps,2
bitbrains_fast_storage/5T/medium,TinyCast-int8-host,3679061.6590388133,3679061.6590388133,307.043460855927,1.1669371009333418,5.318182360264048,0.7333701645536974,26.213997067168876,1918.08802171298,5.827681062209551,0.932882819687991,0.7558173877827647,Web/CloudOps,2
bitbrains_fast_storage/5T/long,TinyCast-int8-host,3631712.738831462,3631712.738831462,314.8603398843969,1.0712203118243127,3.594945248933032,0.7594584442488793,22.838218683692407,1905.7053126943479,5.036210151604422,0.8320818698991297,0.7059732723097613,Web/CloudOps,2
bitbrains_fast_storage/H/short,TinyCast-int8-host,3139090.266783196,3139090.266783196,334.35404929993484,1.1091690917284305,4.211917380399114,0.5708198292397738,19.342678146184962,1771.747799993892,5.050056697358666,0.9530176393965024,0.7188535880613282,Web/CloudOps,2
bitbrains_rnd/5T/short,TinyCast-int8-host,1677444.5059943374,1677444.5059943374,128.5153629797303,1.897346403286329,1.355288241467222,0.6317538517008917,56.40494945715915,1295.1619612984075,5.299428866146146,0.5258477662787964,0.4375907191659051,Web/CloudOps,2
bitbrains_rnd/5T/medium,TinyCast-int8-host,2266481.4219629783,2266481.4219629783,152.80814553704448,4.669330382475137,0.5896841225008845,0.7549216921961445,165.40357890743013,1505.4837833610093,6.334337701508496,0.6429417626883797,0.6017716881778761,Web/CloudOps,2
bitbrains_rnd/5T/long,TinyCast-int8-host,2602376.9799540886,2602376.9799540886,203.26349497610133,3.654509480903392,2.702501505319426,0.7411403231546086,123.989954110447,1613.188451469353,6.179761530453257,0.7786566570413199,0.7075672883252556,Web/CloudOps,2
bitbrains_rnd/H/short,TinyCast-int8-host,1869235.4927163343,1869235.4927163343,186.2935466172064,5.916898536072066,2.8308500016580123,0.5793446334177044,194.6371571617368,1367.1998729945576,5.983535693509524,0.81531172411027,0.666793592053736,Web/CloudOps,2
bizitobs_application/10S/short,TinyCast-int8-host,1082343.9644444445,1082343.9644444445,516.1945486111111,1.4498313503130662,0.020996774037679036,0.02125851101345486,17.02557852051604,1040.357613729262,0.04012243473331077,0.019907560451352502,0.01573724675658639,Web/CloudOps,2
bizitobs_application/10S/medium,TinyCast-int8-host,3993317.973333333,3993317.973333333,1158.003125,2.7091933053751034,0.038909263610839843,0.03949172337849935,41.531846374920775,1998.3287951018804,0.0784684903505873,0.04547137451191048,0.03969657952621139,Web/CloudOps,2
bizitobs_application/10S/long,TinyCast-int8-host,5644047.928888889,5644047.928888889,1433.5968055555556,3.2341577170723945,0.04534807840983073,0.04640459696451823,68.94135533831815,2375.7205073174937,0.0916220439409786,0.055288098540079676,0.05124122179037553,Web/CloudOps,2
bizitobs_l2c/5T/short,TinyCast-int8-host,20.99937017531622,20.99937017531622,2.790331268310547,0.29186112435227207,0.15511523382245332,0.21612061602728708,2.468348217998027,4.582506974933723,0.15738183182377366,0.09583126633609085,0.0770484983489556,Web/CloudOps,7
bizitobs_l2c/5T/medium,TinyCast-int8-host,57.12087901583399,57.12087901583399,4.80579008226304,0.4870645214396091,0.35916549563355415,0.6214595839685916,3.365607708325779,7.557835603916904,0.3976532955518412,0.25285523053079406,0.19895393756772814,Web/CloudOps,7
bizitobs_l2c/5T/long,TinyCast-int8-host,59.12084113577821,59.12084113577821,4.808744509975862,0.4904805219125566,0.39097519933466407,0.7083346407538509,3.4801222607368403,7.689007812180854,0.43172629356662634,0.270003815149188,0.21210327440592425,Web/CloudOps,7
bizitobs_l2c/H/short,TinyCast-int8-host,74.37280660962301,74.37280660962301,5.2580377487909224,0.5358219135513221,0.4750482572926034,0.6556916009812128,3.603069656135907,8.623966987971546,0.4648539070128353,0.2834217007272359,0.22292630122370843,Web/CloudOps,7
bizitobs_l2c/H/medium,TinyCast-int8-host,95.03976004464286,95.03976004464286,5.727515811011905,0.5987042433823783,0.5489442785154698,0.8408099946521578,5.37073872698912,9.748833778695936,0.590306692928215,0.3468097819537101,0.28114369995792865,Web/CloudOps,7
bizitobs_l2c/H/long,TinyCast-int8-host,110.23916170634921,110.23916170634921,6.452902560763889,0.6906939440373309,0.7255784469660036,0.842475334046379,9.68531823685081,10.499483878093685,0.6413387786505502,0.39416191263514916,0.3349983252297278,Web/CloudOps,7
bizitobs_service/10S/short,TinyCast-int8-host,4322.429966517857,4322.429966517857,24.00491849061673,0.9418914269360631,0.07725993464232753,0.06932339824696697,10.381206196350018,65.7451896834883,0.048706139725534045,0.017783611542270324,0.014674362981834702,Web/CloudOps,2
bizitobs_service/10S/medium,TinyCast-int8-host,31819.68634920635,31819.68634920635,47.06626984126984,1.3282422488882866,0.11326993306477864,0.0978466312468998,16.36345757903021,178.38073424337716,0.13425354014352425,0.03542318274640394,0.030761164032305572,Web/CloudOps,2
bizitobs_service/10S/long,TinyCast-int8-host,135726.13417989417,135726.13417989417,81.01953703703704,1.641163806117394,0.15102766410383597,0.11974896143353174,26.744611541117287,368.41027968814086,0.27293011297357733,0.060021863166532206,0.05616962966564734,Web/CloudOps,2
car_parts/M/short,TinyCast-int8-host,1.2980592987903865,1.2980592987903865,0.5182986960747461,0.920868622064135,0.6979013848654211,1.81876840948319,15.016680730456828,1.1393240534590616,2.7319822078325444,1.242827105879138,1.0504361587859743,Sales,1
covid_deaths/D/short,TinyCast-int8-host,1127470.8691729323,1127470.8691729323,241.36282307330828,46.101314531918554,0.13260373432330544,0.1843173252800787,1094.9119552712234,1061.8243118204311,0.39951654591669616,0.09081393250605674,0.08311830033618219,Healthcare,1
electricity/15T/short,TinyCast-int8-host,170068.75341046858,170068.75341046858,62.81033490155194,1.1648246639703796,0.17896535361921068,0.1835374503062454,11.607951205462498,412.3939298904248,0.8129097361131805,0.12381155266656753,0.10201261627596413,Energy,1
electricity/15T/medium,TinyCast-int8-host,267561.5097521291,267561.5097521291,63.215140695382885,0.9901993234185464,0.16366690793167643,0.15366497269500518,9.149482729914768,517.2634819433217,0.8912970611099241,0.10892605236265039,0.08875036764448968,Energy,1
electricity/15T/long,TinyCast-int8-host,352985.8692116413,352985.8692116413,69.55559779554946,1.0417248609123235,0.1691291213149548,0.156518559785945,10.27152373959456,594.126139141884,0.9373068462709823,0.10973248560381901,0.09002893379569267,Energy,1
electricity/D/short,TinyCast-int8-host,2054275534.1307387,2054275534.1307387,4924.7205855855855,1.5330707628732392,0.45442724186477196,0.10259810384114583,13.009765255354118,45324.11647380166,0.7448257603345747,0.08092951479185115,0.0633715990395339,Energy,1
electricity/H/short,TinyCast-int8-host,2060989.2210334847,2060989.2210334847,198.84691196201084,1.0646749542054903,0.19329863869285754,0.1353047992694238,10.839543484930346,1435.6145795559073,0.6777126028926299,0.09386994267265171,0.07669884104784717,Energy,1
electricity/H/medium,TinyCast-int8-host,7390104.877297297,7390104.877297297,287.39436563027874,1.2354423972104076,0.23578305666391638,0.14304724428819554,13.226934497405637,2718.4747336139244,1.0611102505687244,0.11217948931258834,0.09164651666219058,Energy,1
electricity/H/long,TinyCast-int8-host,10811946.76705105,10811946.76705105,334.5732576951952,1.4121346245505906,0.3319779816127088,0.16071835052389152,18.579723594669677,3288.152485370934,1.2968463715211067,0.13195559426772244,0.11035327021024677,Energy,1
electricity/W/short,TinyCast-int8-host,177500706611.2,177500706611.2,42077.314132882886,1.7562263513905683,0.2565304049531547,0.11010696587261853,13.727812479565964,421308.327251195,0.9612865700897795,0.09600654524275004,0.07218361234237969,Energy,1
ett1/15T/short,TinyCast-int8-host,5.302657763163249,5.302657763163249,1.172275783902123,0.7559365223912465,0.484626860899752,0.25943992705572216,5.1257144183345735,2.30275004357035,0.4353156105661364,0.22160891932066903,0.175858046365167,Energy,7
ett1/15T/medium,TinyCast-int8-host,9.439464285714285,9.439464285714285,1.6617606801835318,1.0607130528681719,0.739552932448334,0.41119625999813986,10.406901664750961,3.0723711178362363,0.5855969382409085,0.31673320998081167,0.2602452307949943,Energy,7
ett1/15T/long,TinyCast-int8-host,9.15884513733879,9.15884513733879,1.6698736862909227,1.086367071447535,0.8288852389274638,0.41422671847873266,12.20265533763153,3.0263583953885553,0.5768269024506152,0.3182795756823487,0.265206771651206,Energy,7
ett1/D/short,TinyCast-int8-host,40648.93015873016,40648.93015873016,133.62428075396826,1.6859667970623449,1.2551732623387897,0.4751331147693452,11.444591199055433,201.6157983857668,0.5295505821245733,0.35096860576297334,0.2795832673507289,Energy,7
ett1/H/short,TinyCast-int8-host,104.38582908993675,104.38582908993675,5.1224092029389885,0.864993776415531,0.4875232219696045,0.2715369417553856,6.119338255430904,10.216938342279294,0.47686631812913904,0.23908379738850327,0.1871849239684139,Energy,7
ett1/H/medium,TinyCast-int8-host,135.16389508928572,135.16389508928572,7.119713774181547,1.3715885104984988,3968378161782.447,0.4591933114188058,11.953023099112446,11.626000820973896,0.5568578799869089,0.3410174125613226,0.2710127291542664,Energy,7
ett1/H/long,TinyCast-int8-host,164.79960317460316,164.79960317460316,7.738872354497355,1.4896546732558462,4882808808376.004,0.5115490464306383,20.181428785303993,12.837429772918066,0.6147567078824971,0.3705978358230375,0.3099521056306621,Energy,7
ett1/W/short,TinyCast-int8-host,1881147.7142857143,1881147.7142857143,997.4263392857143,1.5708136226810336,0.8935623168945312,0.4874608176095145,12.226905066054673,1371.5493845595624,0.5457722359126148,0.39689974672323464,0.30863599602066727,Energy,7
ett2/15T/short,TinyCast-int8-host,8.429290480840773,8.429290480840773,1.8280272347586495,0.8003166616138382,0.11713149895570246,0.13793833482833134,5.931082480368386,2.9033240399309155,0.13783112442627224,0.08678295835508225,0.06943581124448123,Energy,7
ett2/15T/medium,TinyCast-int8-host,12.917247643849207,12.917247643849207,2.286497550843254,0.9472500500995605,0.14388123339692205,0.17355707562158978,10.549686934905337,3.594057267747581,0.19153381751372486,0.12185159334515877,0.10241217626535727,Energy,7
ett2/15T/long,TinyCast-int8-host,12.044545200892857,12.044545200892857,2.226473408048115,0.9493867912917409,0.146111131716256,0.1734725128658234,12.980163569858705,3.470525205338935,0.18495056418739045,0.11865279420337915,0.10204855817720283,Energy,7
ett2/D/short,TinyCast-int8-host,118169.32063492063,118169.32063492063,209.04895833333333,1.395673986488572,0.4128807431175595,0.1406124296642485,13.635538556903477,343.7576481111666,0.19674157175363527,0.11964423442488693,0.09861312964769936,Energy,7
ett2/H/short,TinyCast-int8-host,105.23882533482143,105.23882533482143,6.440667433965774,0.751204267690894,0.12270476733150985,0.11306982948666527,5.280416699854489,10.25859763002826,0.1301075557499592,0.08168557998402945,0.06512132327108651,Energy,7
ett2/H/medium,TinyCast-int8-host,265.98995535714283,265.98995535714283,9.973937406994047,1.0670441157638022,0.1794786610127319,0.17087669372558595,9.422608624841155,16.309198489108617,0.21977693769381995,0.13440522055837692,0.11000321720893741,Energy,7
ett2/H/long,TinyCast-int8-host,215.1979332010582,215.1979332010582,9.119595320767196,1.020798552340041,0.17850837077812773,0.17303184226707177,13.41040179594139,14.66962621204297,0.20088924039575123,0.12488583895897584,0.10704330836636876,Energy,7
ett2/W/short,TinyCast-int8-host,6232808.0,6232808.0,1678.4659598214287,1.1365440911960165,0.1913414682660784,0.21831694671085902,13.984857661576859,2496.5592322234215,0.2094230449977761,0.1407975615775261,0.12202980539719971,Energy,7
hierarchical_sales/D/short,TinyCast-int8-host,29.05970656295215,29.05970656295215,2.3562855765069504,0.7661628910347721,0.656803230992347,1.0215723877457756,7.275828174856535,5.390705571903566,1.6538087709970608,0.7228823205836868,0.5967813390969166,Sales,1
hierarchical_sales/W/short,TinyCast-int8-host,479.11445953886385,479.11445953886385,9.34085684307551,0.7537844541266965,0.5785185373247659,0.47440962872262726,6.824363281496313,21.888683366956172,1.004920159928344,0.4288433066185165,0.36535255516703874,Sales,1
hospital/M/short,TinyCast-int8-host,2656.930308833116,2656.930308833116,18.410594132815895,0.7785083058370741,0.1958320564624798,0.176406524638309,5.551296927435792,51.54541986280756,0.1871218436788565,0.06683473190294828,0.0537361300376388,Healthcare,1
jena_weather/10T/short,TinyCast-int8-host,728.3560949809968,728.3560949809968,5.265259594387478,0.2934478731780901,0.39668600966234047,0.5482745795022874,3.2684702636932617,26.98807319874831,0.16762975919280945,0.032703861123947804,0.02897798652738061,Nature,21
jena_weather/10T/medium,TinyCast-int8-host,1453.1231049332612,1453.1231049332612,9.885655875157829,0.6048606166132361,0.7592064894430749,0.6615465568773674,9.888686055473322,38.11985184825961,0.23394088235845703,0.06066810194678323,0.052452995732865264,Nature,21
jena_weather/10T/long,TinyCast-int8-host,1378.6723059275794,1378.6723059275794,9.715909055679564,0.6396589566681373,0.7495089142822348,0.6599280140387318,12.060338730743839,37.13047678023512,0.22720775710911945,0.05945331426479888,0.051834660568960224,Nature,21
jena_weather/D/short,TinyCast-int8-host,380.0436011904762,380.0436011904762,10.500802176339286,1.268627430359428,0.8882081730515017,0.4491015237475198,9.369226439013342,19.494707004478837,0.11738999878814409,0.06323199186691053,0.054395245948016174,Nature,21
jena_weather/H/short,TinyCast-int8-host,1129.8294223922437,1129.8294223922437,8.602681057196213,0.5781061532900136,1.4531192073744408,0.61970135183661,5.015408041503523,33.61293534329074,0.20604515500679907,0.0527338875287443,0.043694488661784686,Nature,21
jena_weather/H/medium,TinyCast-int8-host,1524.9494047619048,1524.9494047619048,11.672930617559524,0.8749442742037757,2.7996845849936607,0.7030785939050099,10.173171025737656,39.050600568517574,0.2389575506236156,0.07142873267921472,0.06096173426680607,Nature,21
jena_weather/H/long,TinyCast-int8-host,1622.9997354497355,1622.9997354497355,12.993410011574074,1.2044775195411692,3.2036963008662367,0.7101874457465278,22.196625332413547,40.2864708736039,0.24256918907439345,0.07823472400218902,0.06772751175563513,Nature,21
kdd_cup_2018/D/short,TinyCast-int8-host,2907.2574836674644,2907.2574836674644,20.962285882227043,1.1917772815607501,0.5101243277894142,0.46343101279771554,9.587947055909426,53.91899000971239,1.2078426481500262,0.46957746958365315,0.373966507980811,Nature,1
kdd_cup_2018/H/short,TinyCast-int8-host,4442.652195054258,4442.652195054258,24.51863282347006,1.0213898879094907,1.022664329402811,0.5254485659215918,7.714870516982009,66.65322344083786,1.395172677974407,0.5132193891110919,0.40116101723606334,Nature,1
kdd_cup_2018/H/medium,TinyCast-int8-host,5126.211140754653,5126.211140754653,26.044379448359535,1.0817185210063538,1.1164314062657719,0.5621962385959365,11.90831690127561,71.59756379063923,1.4986666836685967,0.5451560319875385,0.45930105297662116,Nature,1
kdd_cup_2018/H/long,TinyCast-int8-host,4271.536374874767,4271.536374874767,24.770168929904326,1.0524420487963853,0.9825230164184051,0.6307329155316607,15.9080195560669,65.35699178263,1.5335391410981332,0.5812082617259738,0.5054602900787417,Nature,1
m4_daily/D/short,TinyCast-int8-host,388174.58409375104,388174.58409375104,189.53205599658023,3.5522759884629123,0.041679598717140144,0.03318557502684441,34.130044664837044,623.0365832707988,0.09624193330259372,0.02927746456903965,0.023587152932462267,Econ/Fin,1
m4_hourly/H/short,TinyCast-int8-host,2309398.186636146,2309398.186636146,293.372901406649,1.2558251826797477,0.11397990819528675,0.10749608844566652,14.141198614391497,1519.6704203991555,0.20746858319438258,0.0400518818984947,0.029034798754918552,Econ/Fin,1
m4_monthly/M/short,TinyCast-int8-host,1981921.5679641203,1981921.5679641203,600.1531438711661,1.0424596633525136,0.17228043624648343,0.1411840696754279,9.951351089617859,1407.807361809179,0.2925906985898743,0.12473242603342445,0.10099287867465304,Econ/Fin,1
m4_quarterly/Q/short,TinyCast-int8-host,2037551.0778619791,2037551.0778619791,637.53377931722,1.4045426157943006,0.12673522825539113,0.1164800894210736,11.515247676854313,1427.4281340445757,0.2389263332120884,0.10671192794799671,0.08413679129985917,Econ/Fin,1
m4_weekly/W/short,TinyCast-int8-host,360539.9580029998,360539.9580029998,300.7145215073923,2.4034665614526878,0.07316307605704991,0.07460021645705553,29.549061690458988,600.4497964051614,0.10939263845645619,0.054785520999106836,0.04648836849586772,Econ/Fin,1
m4_yearly/A/short,TinyCast-int8-host,4659324.486375903,4659324.486375903,1068.8561144640862,4.0506429444509,0.18750997727201132,0.17848799546296748,34.48993268264299,2158.5468459998506,0.3461329905507409,0.17139603157258734,0.13070716894458378,Econ/Fin,1
restaurant/D/short,TinyCast-int8-host,150.51404929310263,150.51404929310263,7.510725724482231,0.716508861392721,0.7306292986261909,0.40876032518518846,4.8414497104114345,12.268416739461642,0.5646209639860037,0.3456610000173277,0.2701787034471643,Sales,1
saugeen/D/short,TinyCast-int8-host,1049.8458333333333,1049.8458333333333,12.86833984375,2.858350331328543,0.33617416381835935,0.35093165079752603,26.099632670542718,32.40132456140232,1.049486622658974,0.4168085936194394,0.3433560345207728,Nature,1
saugeen/M/short,TinyCast-int8-host,425.48125930059524,425.48125930059524,12.842067173549108,0.7524955690813919,0.3769101415361677,0.3622968310401553,5.053383305947776,20.627197078144068,0.6192903372975426,0.3855573823906323,0.2961867560400304,Nature,1
saugeen/W/short,TinyCast-int8-host,1114.4349609375,1114.4349609375,16.395977783203126,1.3301352237502928,0.42201719284057615,0.42819695472717284,11.769216122151368,33.38315384947174,1.0076982578842522,0.4949262230567871,0.4013340077782391,Nature,1
solar/10T/short,TinyCast-int8-host,33.60581176460804,33.60581176460804,2.7288515893792296,1.2008514378338886,5.109942687632149,1.5789475786714948,9.791138630777281,5.797051989124131,1.6863617612504813,0.7938226155449776,0.6413759360533813,Energy,1
solar/10T/medium,TinyCast-int8-host,21.80130934113028,21.80130934113028,2.051802466311726,0.9005095771848763,3.170118264163066,1.4778289963676454,10.334981942938741,4.669187224895815,1.036111183154474,0.4553031134914377,0.3845587252125109,Energy,1
solar/10T/long,TinyCast-int8-host,20.482194921241383,20.482194921241383,2.02685716169594,0.8885447318713968,2.3452886564649127,1.4870016378014435,9.880798124016522,4.525725899923833,0.9781632652998601,0.4380727563757836,0.3694591267387117,Energy,1
solar/D/short,TinyCast-int8-host,134373.6793187348,134373.6793187348,245.72211640815084,0.9590579668680004,1.1040505959169709,0.41562868289993915,5.48539883363091,366.5701560666591,0.529569049202035,0.354984783678116,0.28775709093573626,Energy,1
solar/H/short,TinyCast-int8-host,704.3181045108208,704.3181045108208,11.258242083078219,0.8713121527373856,3.6498603053947734,1.4118476288314665,5.2946893726193975,26.53899215326047,0.9782360874674373,0.4149825518433883,0.32057506300614863,Energy,1
solar/H/medium,TinyCast-int8-host,614.8312100821167,614.8312100821167,11.612730300049423,0.8897521929200386,4.360263543934645,1.408208864680752,7.140133185931048,24.79579016853701,0.8932022278831457,0.41831764607250865,0.3370038825814019,Energy,1
solar/H/long,TinyCast-int8-host,878.3698600973236,878.3698600973236,14.564161027473641,1.1144678269750012,3.8601053907349345,1.4587157114095448,9.347264459988722,29.637305209774446,1.0275795308113433,0.5049660773590324,0.4051325724743528,Energy,1
solar/W/short,TinyCast-int8-host,1409006.218978102,1409006.218978102,961.7659279482208,1.0514787226103541,0.216445195413854,0.19039210524872272,7.693964270779279,1187.0156776462989,0.24229957666418092,0.1963204712291305,0.1581414343784308,Energy,1
temperature_rain/D/short,TinyCast-int8-host,181.8100014246039,181.8100014246039,6.224625323175013,1.483280706701968,63.041942584247714,1.445573670513161,18.725358496929196,13.483693908740435,1.5873872704735155,0.7328029743444481,0.5903832852402128,Nature,1
us_births/D/short,TinyCast-int8-host,242652.16,242652.16,323.3891145833333,0.4757949641986613,0.031013253529866537,0.030435546239217123,4.456699161391009,492.59736093487146,0.046177005390615075,0.03031510534088143,0.02500491541889653,Healthcare,1
us_births/M/short,TinyCast-int8-host,92370837.33333333,92370837.33333333,8219.807291666666,0.9307080679767545,0.025105011959870655,0.02552903691927592,9.809245376326253,9610.97483782646,0.02985162231949036,0.025530665405978543,0.02351097554457443,Healthcare,1
us_births/W/short,TinyCast-int8-host,4277448.571428572,4277448.571428572,1592.1453683035713,1.4469822170009246,0.021336432014192854,0.021661302873066494,9.679338099623948,2068.1993548564346,0.02807560344607621,0.021613217257821324,0.01635993129700714,Healthcare,1
